ingredient,Vegetarian,Vegan,Gluten-Free,Dairy-Free,Keto,Paleo,Low-Carb,Mediterranean,Pescatarian,Raw Food,Whole30,Low-Fat,High-Protein,Diabetic-Friendly,Heart-Healthy
agave,1,1,1,1,1,1,1,1,1,1,1,1,0,1,1
acini de pepe,1,1,1,1,1,1,1,1,1,1,1,1,0,1,1
acorn squash,1,1,1,1,0,0,0,1,1,1,0,1,0,0,0
alaskan king crab,1,1,1,1,1,1,1,1,1,1,1,1,1,1,1
alfalfa sprouts,1,1,1,1,1,1,1,1,1,1,1,1,0,1,1
alfredo sauce,1,1,1,1,1,1,1,1,1,1,1,1,0,1,1
all-purpose flour,1,1,0,1,1,1,1,1,1,1,1,1,0,1,1
allspice,1,1,1,1,1,1,1,1,1,1,1,1,0,1,1
almonds,1,1,1,1,1,1,1,1,1,1,1,1,0,1,1
almond extract,1,1,1,1,1,1,1,1,1,1,1,1,0,1,1
almond paste,1,1,1,1,1,1,1,1,1,1,1,1,0,1,1
almond slices,1,1,1,1,1,1,1,1,1,1,1,1,0,1,1
almond slivers,1,1,1,1,1,1,1,1,1,1,1,1,0,1,1
alphabet pasta,1,1,0,1,0,0,0,1,1,1,0,1,0,0,0
american cheese,1,0,1,0,1,0,1,1,1,1,0,0,0,1,0
anchovy,1,1,1,1,1,1,1,1,1,1,1,1,0,1,1
anchovy paste,1,1,1,1,1,1,1,1,1,1,1,1,0,1,1
angel food cake,1,1,1,1,1,1,1,1,1,1,1,1,0,1,1
angel hair pasta,1,1,0,1,0,0,0,1,1,1,0,1,0,0,0
anise,1,1,1,1,1,1,1,1,1,1,1,1,0,1,1
anise seed,1,1,1,1,1,1,1,1,1,1,1,1,0,1,1
apple,1,1,1,1,1,1,1,1,1,1,1,1,0,1,1
apple butter,1,0,1,0,1,0,1,1,1,1,0,0,0,1,0
apple cider,1,1,1,1,1,1,1,1,1,1,1,1,0,1,1
apple cider vinegar,1,1,1,1,1,1,1,1,1,1,1,1,0,1,1
apple juice,1,1,1,1,1,1,1,1,1,1,1,1,0,1,1
apple pie filling,1,1,1,1,1,1,1,1,1,1,1,1,0,1,1
apple sauce,1,1,1,1,1,1,1,1,1,1,1,1,0,1,1
apple slices,1,1,1,1,1,1,1,1,1,1,1,1,0,1,1
apple vinegar,1,1,1,1,1,1,1,1,1,1,1,1,0,1,1
apricot,1,1,1,1,1,1,1,1,1,1,1,1,0,1,1
apricot brandy,1,1,1,1,1,1,1,1,1,1,1,1,0,1,1
apricot jam,1,1,1,1,1,1,1,1,1,1,1,1,0,1,1
apricot juice,1,1,1,1,1,1,1,1,1,1,1,1,0,1,1
apricot nectar,1,1,1,1,1,1,1,1,1,1,1,1,0,1,1
apricot preserves,1,1,1,1,1,1,1,1,1,1,1,1,0,1,1
arborio rice,1,1,1,1,0,0,0,1,1,1,0,1,0,0,0
artichoke,1,1,1,1,1,1,1,1,1,1,1,1,0,1,1
artichoke hearts,1,1,1,1,1,1,1,1,1,1,1,1,0,1,1
arugula,1,1,1,1,1,1,1,1,1,1,1,1,0,1,1
asparagus,1,1,1,1,1,1,1,1,1,1,1,1,0,1,1
avocado,1,1,1,1,1,1,1,1,1,1,1,1,0,1,1
bacon,0,0,1,1,1,1,1,1,0,1,1,0,0,1,0
bacon bits,0,0,1,1,1,1,1,1,0,1,1,0,0,1,0
bacon fat,0,0,1,1,1,1,1,1,0,1,1,0,0,1,0
baking powder,1,1,1,1,1,1,1,1,1,1,1,1,0,1,1
baking soda,1,1,1,1,1,1,1,1,1,1,1,1,0,1,1
balsamic vinegar,1,1,1,1,1,1,1,1,1,1,1,1,0,1,1
bamboo shoots,1,1,1,1,1,1,1,1,1,1,1,1,0,1,1
banana,1,1,1,1,0,0,0,1,1,1,0,1,0,0,0
banana peppers,1,1,1,1,0,0,0,1,1,1,0,1,0,0,0
barbecue sauce,1,1,1,1,1,1,1,1,1,1,1,1,0,1,1
barley,1,1,0,1,1,1,1,1,1,1,1,1,0,1,1
basil,1,1,1,1,1,1,1,1,1,1,1,1,0,1,1
bay leaves,1,1,1,1,1,1,1,1,1,1,1,1,0,1,1
beans,1,1,1,1,1,1,1,1,1,1,1,1,0,1,1
beef,0,0,1,1,1,1,1,1,0,1,1,1,1,1,1
beef broth,0,0,1,1,1,1,1,1,0,1,1,1,1,1,1
beef stock,0,0,1,1,1,1,1,1,0,1,1,1,1,1,1
beef stew meat,0,0,1,1,1,1,1,1,0,1,1,1,1,1,1
bell pepper,1,1,1,1,1,1,1,1,1,1,1,1,0,1,1
berries,1,1,1,1,1,1,1,1,1,1,1,1,0,1,1
biscuit mix,1,1,1,1,1,1,1,1,1,1,1,1,0,1,1
black beans,1,1,1,1,1,1,1,1,1,1,1,1,0,1,1
black olives,1,1,1,1,1,1,1,1,1,1,1,1,0,1,1
black pepper,1,1,1,1,1,1,1,1,1,1,1,1,0,1,1
blue cheese,1,0,1,0,1,0,1,1,1,1,0,0,0,1,0
blueberries,1,1,1,1,1,1,1,1,1,1,1,1,0,1,1
bok choy,1,1,1,1,1,1,1,1,1,1,1,1,0,1,1
boiling water,1,1,1,1,1,1,1,1,1,1,1,0,0,1,0
bouillon,1,1,1,1,1,1,1,1,1,1,1,1,0,1,1
bread,1,1,0,1,0,0,0,1,1,1,0,1,0,0,0
bread crumbs,1,1,0,1,0,0,0,1,1,1,0,1,0,0,0
broccoli,1,1,1,1,1,1,1,1,1,1,1,1,0,1,1
brown rice,1,1,1,1,0,0,0,1,1,1,0,1,0,0,0
brown sugar,1,1,1,1,0,0,0,1,1,1,0,1,0,0,0
brussels sprouts,1,1,1,1,1,1,1,1,1,1,1,1,0,1,1
butter,1,0,1,0,1,0,1,1,1,1,0,0,0,1,0
buttermilk,1,0,1,0,1,0,1,1,1,1,0,0,0,1,0
cabbage,1,1,1,1,1,1,1,1,1,1,1,1,0,1,1
cake flour,1,1,0,1,1,1,1,1,1,1,1,1,0,1,1
capers,1,1,1,1,1,1,1,1,1,1,1,1,0,1,1
caraway seeds,1,1,1,1,1,1,1,1,1,1,1,1,0,1,1
cardamom,1,1,1,1,1,1,1,1,1,1,1,1,0,1,1
carrots,1,1,1,1,1,1,1,1,1,1,1,1,0,1,1
cashews,1,1,1,1,1,1,1,1,1,1,1,1,0,1,1
cauliflower,1,1,1,1,1,1,1,1,1,1,1,1,0,1,1
celery,1,1,1,1,1,1,1,1,1,1,1,1,0,1,1
celery seed,1,1,1,1,1,1,1,1,1,1,1,1,0,1,1
cheddar cheese,1,0,1,0,1,0,1,1,1,1,0,0,0,1,0
cheese,1,0,1,0,1,0,1,1,1,1,0,0,0,1,0
cherries,1,1,1,1,1,1,1,1,1,1,1,1,0,1,1
chicken,0,0,1,1,1,1,1,1,0,1,1,1,1,1,1
chicken broth,0,0,1,1,1,1,1,1,0,1,1,1,1,1,1
chicken stock,0,0,1,1,1,1,1,1,0,1,1,1,1,1,1
chickpeas,1,1,1,1,1,1,1,1,1,1,1,1,0,1,1
chili powder,1,1,1,1,1,1,1,1,1,1,1,1,0,1,1
chives,1,1,1,1,1,1,1,1,1,1,1,1,0,1,1
chocolate,1,1,1,1,1,1,1,1,1,1,1,1,0,1,1
chocolate chips,1,1,1,1,1,1,1,1,1,1,1,1,0,1,1
cilantro,1,1,1,1,1,1,1,1,1,1,1,1,0,1,1
cinnamon,1,1,1,1,1,1,1,1,1,1,1,1,0,1,1
clams,1,1,1,1,1,1,1,1,1,1,1,1,0,1,1
clove garlic,1,1,1,1,1,1,1,1,1,1,1,1,0,1,1
coconut,1,1,1,1,1,1,1,1,1,1,1,1,0,1,1
coconut milk,1,0,1,0,1,0,1,1,1,1,0,1,0,1,1
cod,1,1,1,1,1,1,1,1,1,1,1,1,0,1,1
coffee,1,1,1,1,1,1,1,1,1,1,1,1,0,1,1
cold water,1,1,1,1,1,1,1,1,1,1,1,1,0,1,1
corn,1,1,1,1,0,0,0,1,1,1,0,1,0,0,0
corn starch,1,1,1,1,0,0,0,1,1,1,0,1,0,0,0
cottage cheese,1,0,1,0,1,0,1,1,1,1,0,0,0,1,0
crab,1,1,1,1,1,1,1,1,1,1,1,1,1,1,1
cranberries,1,1,1,1,1,1,1,1,1,1,1,1,0,1,1
cream,1,0,1,0,1,0,1,1,1,1,0,0,0,1,0
cream cheese,1,0,1,0,1,0,1,1,1,1,0,0,0,1,0
cucumber,1,1,1,1,1,1,1,1,1,1,1,1,0,1,1
cumin,1,1,1,1,1,1,1,1,1,1,1,1,0,1,1
curry powder,1,1,1,1,1,1,1,1,1,1,1,1,0,1,1
dates,1,1,1,1,1,1,1,1,1,1,1,1,0,1,1
dill,1,1,1,1,1,1,1,1,1,1,1,1,0,1,1
dry mustard,1,1,1,1,1,1,1,1,1,1,1,1,0,1,1
duck,1,1,1,1,1,1,1,1,1,1,1,1,0,1,1
eggplant,1,0,1,1,1,1,1,1,1,1,1,1,1,1,1
egg,1,0,1,1,1,1,1,1,1,1,1,1,1,1,1
fennel,1,1,1,1,1,1,1,1,1,1,1,1,0,1,1
feta cheese,1,0,1,0,1,0,1,1,1,1,0,0,0,1,0
figs,1,1,1,1,1,1,1,1,1,1,1,1,0,1,1
fish,1,1,1,1,1,1,1,1,1,1,1,1,1,1,1
flour,1,1,0,1,1,1,1,1,1,1,1,1,0,1,1
garlic,1,1,1,1,1,1,1,1,1,1,1,1,0,1,1
ginger,1,1,1,1,1,1,1,1,1,1,1,1,0,1,1
goat cheese,1,0,1,0,1,0,1,1,1,1,0,0,0,1,0
grapes,1,1,1,1,1,1,1,1,1,1,1,1,0,1,1
green beans,1,1,1,1,1,1,1,1,1,1,1,1,0,1,1
green onion,1,1,1,1,1,1,1,1,1,1,1,1,0,1,1
ground beef,0,0,1,1,1,1,1,1,0,1,1,1,1,1,1
ground chicken,0,0,1,1,1,1,1,1,0,1,1,1,1,1,1
ground pork,0,0,1,1,1,1,1,1,0,1,1,1,1,1,1
ground turkey,0,0,1,1,1,1,1,1,0,1,1,1,1,1,1
ham,1,1,1,1,1,1,1,1,1,1,1,1,0,1,1
hazelnuts,1,1,1,1,1,1,1,1,1,1,1,1,0,1,1
herbs,1,1,1,1,1,1,1,1,1,1,1,1,0,1,1
honey,1,0,1,1,0,0,0,1,1,1,0,1,0,0,0
hot sauce,1,1,1,1,1,1,1,1,1,1,1,1,0,1,1
ice cream,1,0,1,0,1,0,1,1,1,1,0,0,0,1,0
kidney beans,1,1,1,1,1,1,1,1,1,1,1,1,0,1,1
lamb,0,0,1,1,1,1,1,1,0,1,1,1,0,1,1
leeks,1,1,1,1,1,1,1,1,1,1,1,1,0,1,1
lemon,1,1,1,1,1,1,1,1,1,1,1,1,0,1,1
lemon juice,1,1,1,1,1,1,1,1,1,1,1,1,0,1,1
lentils,1,1,1,1,1,1,1,1,1,1,1,1,0,1,1
lettuce,1,1,1,1,1,1,1,1,1,1,1,1,0,1,1
lime,1,1,1,1,1,1,1,1,1,1,1,1,0,1,1
lime juice,1,1,1,1,1,1,1,1,1,1,1,1,0,1,1
lobster,1,1,1,1,1,1,1,1,1,1,1,1,0,1,1
maple syrup,1,1,1,1,1,1,1,1,1,1,1,1,0,1,1
margarine,1,1,1,1,1,1,1,1,1,1,1,1,0,1,1
mayonnaise,1,1,1,1,1,1,1,1,1,1,1,1,0,1,1
milk,1,0,1,0,1,0,1,1,1,1,0,1,0,1,1
mint,1,1,1,1,1,1,1,1,1,1,1,1,0,1,1
mozzarella cheese,1,0,1,0,1,0,1,1,1,1,0,0,0,1,0
mushrooms,1,1,1,1,1,1,1,1,1,1,1,1,0,1,1
mussels,1,1,1,1,1,1,1,1,1,1,1,1,0,1,1
mustard,1,1,1,1,1,1,1,1,1,1,1,1,0,1,1
noodles,1,1,1,1,1,1,1,1,1,1,1,1,0,1,1
nutmeg,1,1,1,1,1,1,1,1,1,1,1,1,0,1,1
nuts,1,1,1,1,1,1,1,1,1,1,1,1,0,1,1
oats,1,1,1,1,1,1,1,1,1,1,1,1,0,1,1
oil,1,1,1,1,1,1,1,1,1,1,1,0,0,1,0
olive oil,1,1,1,1,1,1,1,1,1,1,1,0,0,1,0
olives,1,1,1,1,1,1,1,1,1,1,1,1,0,1,1
onion,1,1,1,1,1,1,1,1,1,1,1,1,0,1,1
orange,1,1,1,1,1,1,1,1,1,1,1,1,0,1,1
orange juice,1,1,1,1,1,1,1,1,1,1,1,1,0,1,1
oregano,1,1,1,1,1,1,1,1,1,1,1,1,0,1,1
oysters,1,1,1,1,1,1,1,1,1,1,1,1,0,1,1
paprika,1,1,1,1,1,1,1,1,1,1,1,1,0,1,1
parmesan cheese,1,0,1,0,1,0,1,1,1,1,0,0,0,1,0
parsley,1,1,1,1,1,1,1,1,1,1,1,1,0,1,1
pasta,1,1,0,1,0,0,0,1,1,1,0,1,0,0,0
peaches,1,1,1,1,1,1,1,1,1,1,1,1,0,1,1
peanut butter,1,0,1,0,1,0,1,1,1,1,0,0,0,1,0
peanuts,1,1,1,1,1,1,1,1,1,1,1,1,0,1,1
pears,1,1,1,1,1,1,1,1,1,1,1,1,0,1,1
peas,1,1,1,1,1,1,1,1,1,1,1,1,0,1,1
pecans,1,1,1,1,1,1,1,1,1,1,1,1,0,1,1
pepper,1,1,1,1,1,1,1,1,1,1,1,1,0,1,1
pineapple,1,1,1,1,1,1,1,1,1,1,1,1,0,1,1
pistachios,1,1,1,1,1,1,1,1,1,1,1,1,0,1,1
pork,0,0,1,1,1,1,1,1,0,1,1,1,1,1,1
potatoes,1,1,1,1,0,0,0,1,1,1,0,1,0,0,0
quinoa,1,1,1,1,1,1,1,1,1,1,1,1,0,1,1
radishes,1,1,1,1,1,1,1,1,1,1,1,1,0,1,1
raisins,1,1,1,1,1,1,1,1,1,1,1,1,0,1,1
red pepper,1,1,1,1,1,1,1,1,1,1,1,1,0,1,1
rice,1,1,1,1,0,0,0,1,1,1,0,1,0,0,0
ricotta cheese,1,0,1,0,1,0,1,1,1,1,0,0,0,1,0
rosemary,1,1,1,1,1,1,1,1,1,1,1,1,0,1,1
sage,1,1,1,1,1,1,1,1,1,1,1,1,0,1,1
salmon,1,1,1,1,1,1,1,1,1,1,1,1,0,1,1
salt,1,1,1,1,1,1,1,1,1,1,1,1,0,1,1
scallops,1,1,1,1,1,1,1,1,1,1,1,1,0,1,1
sesame oil,1,1,1,1,1,1,1,1,1,1,1,0,0,1,0
shrimp,1,1,1,1,1,1,1,1,1,1,1,1,1,1,1
soda,1,1,1,1,1,1,1,1,1,1,1,1,0,1,1
sour cream,1,0,1,0,1,0,1,1,1,1,0,0,0,1,0
soy sauce,1,1,1,1,1,1,1,1,1,1,1,1,0,1,1
spinach,1,1,1,1,1,1,1,1,1,1,1,1,0,1,1
squash,1,1,1,1,1,1,1,1,1,1,1,1,0,1,1
strawberries,1,1,1,1,1,1,1,1,1,1,1,1,0,1,1
sugar,1,1,1,1,0,0,0,1,1,1,0,1,0,0,0
sweet potatoes,1,1,1,1,0,0,0,1,1,1,0,1,0,0,0
thyme,1,1,1,1,1,1,1,1,1,1,1,1,0,1,1
tomatoes,1,1,1,1,1,1,1,1,1,1,1,1,0,1,1
tomato paste,1,1,1,1,1,1,1,1,1,1,1,1,0,1,1
tomato sauce,1,1,1,1,1,1,1,1,1,1,1,1,0,1,1
tuna,1,1,1,1,1,1,1,1,1,1,1,1,0,1,1
turkey,0,0,1,1,1,1,1,1,0,1,1,1,1,1,1
vanilla,1,1,1,1,1,1,1,1,1,1,1,1,0,1,1
vinegar,1,1,1,1,1,1,1,1,1,1,1,1,0,1,1
walnuts,1,1,1,1,1,1,1,1,1,1,1,1,0,1,1
water,1,1,1,1,1,1,1,1,1,1,1,1,0,1,1
white wine,1,1,1,1,1,1,1,1,1,1,1,1,0,1,1
wine,1,1,1,1,1,1,1,1,1,1,1,1,0,1,1
yeast,1,1,1,1,1,1,1,1,1,1,1,1,0,1,1
yogurt,1,0,1,0,1,0,1,1,1,1,0,1,0,1,1
zucchini,1,1,1,1,1,1,1,1,1,1,1,1,0,1,1
beef bouillon,0,0,1,1,1,1,1,1,0,1,1,1,1,1,1
beef chuck,0,0,1,1,1,1,1,1,0,1,1,1,1,1,1
beef ribs,0,0,1,1,1,1,1,1,0,1,1,1,1,1,1
beef roast,0,0,1,1,1,1,1,1,0,1,1,1,1,1,1
beef tenderloin,0,0,1,1,1,1,1,1,0,1,1,1,1,1,1
beets,1,1,1,1,1,1,1,1,1,1,1,1,0,1,1
beer,1,1,1,1,1,1,1,1,1,1,1,1,0,1,1
bell pepper slices,1,1,1,1,1,1,1,1,1,1,1,1,0,1,1
bermuda onion,1,1,1,1,1,1,1,1,1,1,1,1,0,1,1
berry juice,1,1,1,1,1,1,1,1,1,1,1,1,0,1,1
biscuit crumbs,1,1,1,1,1,1,1,1,1,1,1,1,0,1,1
black cherry,1,1,1,1,1,1,1,1,1,1,1,1,0,1,1
black mushrooms,1,1,1,1,1,1,1,1,1,1,1,1,0,1,1
black olives,1,1,1,1,1,1,1,1,1,1,1,1,0,1,1
black tea,1,1,1,1,1,1,1,1,1,1,1,1,0,1,1
black vinegar,1,1,1,1,1,1,1,1,1,1,1,1,0,1,1
black walnut,1,1,1,1,1,1,1,1,1,1,1,1,0,1,1
blackberries,1,1,1,1,1,1,1,1,1,1,1,1,0,1,1
blueberry pie filling,1,1,1,1,1,1,1,1,1,1,1,1,0,1,1
bologna,1,1,1,1,1,1,1,1,1,1,1,1,0,1,1
bone,1,1,1,1,1,1,1,1,1,1,1,1,0,1,1
bread flour,1,1,0,1,0,0,0,1,1,1,0,1,0,0,0
bread stuffing,1,1,0,1,0,0,0,1,1,1,0,1,0,0,0
broccoli florets,1,1,1,1,1,1,1,1,1,1,1,1,0,1,1
brown bread,1,1,0,1,0,0,0,1,1,1,0,1,0,0,0
brown gravy,1,1,1,1,1,1,1,1,1,1,1,1,0,1,1
brown mustard,1,1,1,1,1,1,1,1,1,1,1,1,0,1,1
brown rice flour,1,1,0,1,0,0,0,1,1,1,0,1,0,0,0
brown sauce,1,1,1,1,1,1,1,1,1,1,1,1,0,1,1
brown sugar,1,1,1,1,0,0,0,1,1,1,0,1,0,0,0
brussels sprouts,1,1,1,1,1,1,1,1,1,1,1,1,0,1,1
buckwheat flour,1,1,0,1,1,1,1,1,1,1,1,1,0,1,1
bulgur wheat,1,1,0,1,1,1,1,1,1,1,1,1,0,1,1
butter beans,1,0,1,0,1,0,1,1,1,1,0,0,0,1,0
buttermilk,1,0,1,0,1,0,1,1,1,1,0,0,0,1,0
cabbage head,1,1,1,1,1,1,1,1,1,1,1,1,0,1,1
cake mix,1,1,1,1,1,1,1,1,1,1,1,1,0,1,1
calamari,1,1,1,1,1,1,1,1,1,1,1,1,0,1,1
canadian bacon,0,0,1,1,1,1,1,1,0,1,1,0,0,1,0
candy,1,1,1,1,1,1,1,1,1,1,1,1,0,1,1
cantaloupe,1,1,1,1,1,1,1,1,1,1,1,1,0,1,1
capers,1,1,1,1,1,1,1,1,1,1,1,1,0,1,1
caramel,1,1,1,1,1,1,1,1,1,1,1,1,0,1,1
caraway seed,1,1,1,1,1,1,1,1,1,1,1,1,0,1,1
cardamom,1,1,1,1,1,1,1,1,1,1,1,1,0,1,1
carrot cake,1,1,1,1,1,1,1,1,1,1,1,1,0,1,1
carrot juice,1,1,1,1,1,1,1,1,1,1,1,1,0,1,1
cashew nuts,1,1,1,1,1,1,1,1,1,1,1,1,0,1,1
catfish,1,1,1,1,1,1,1,1,1,1,1,1,1,1,1
cauliflower,1,1,1,1,1,1,1,1,1,1,1,1,0,1,1
celery root,1,1,1,1,1,1,1,1,1,1,1,1,0,1,1
celery salt,1,1,1,1,1,1,1,1,1,1,1,1,0,1,1
cheddar cheese,1,0,1,0,1,0,1,1,1,1,0,0,0,1,0
cheese crackers,1,0,0,0,1,0,1,1,1,1,0,0,0,1,0
cheese soup,1,0,1,0,1,0,1,1,1,1,0,0,0,1,0
cherry juice,1,1,1,1,1,1,1,1,1,1,1,1,0,1,1
cherry pie filling,1,1,1,1,1,1,1,1,1,1,1,1,0,1,1
cherry tomatoes,1,1,1,1,1,1,1,1,1,1,1,1,0,1,1
chestnuts,1,1,1,1,1,1,1,1,1,1,1,1,0,1,1
chicken breast,0,0,1,1,1,1,1,1,0,1,1,1,1,1,1
chicken drumsticks,0,0,1,1,1,1,1,1,0,1,1,1,1,1,1
chicken legs,0,0,1,1,1,1,1,1,0,1,1,1,1,1,1
chicken livers,0,0,1,1,1,1,1,1,0,1,1,1,1,1,1
chicken thighs,0,0,1,1,1,1,1,1,0,1,1,1,1,1,1
chicken wings,0,0,1,1,1,1,1,1,0,1,1,1,1,1,1
chili beans,1,1,1,1,1,1,1,1,1,1,1,1,0,1,1
chili peppers,1,1,1,1,1,1,1,1,1,1,1,1,0,1,1
chili sauce,1,1,1,1,1,1,1,1,1,1,1,1,0,1,1
chinese cabbage,1,1,1,1,1,1,1,1,1,1,1,1,0,1,1
chipotle peppers,1,1,1,1,1,1,1,1,1,1,1,1,0,1,1
chives,1,1,1,1,1,1,1,1,1,1,1,1,0,1,1
chocolate cake,1,1,1,1,1,1,1,1,1,1,1,1,0,1,1
chocolate milk,1,0,1,0,1,0,1,1,1,1,0,1,0,1,1
chocolate syrup,1,1,1,1,1,1,1,1,1,1,1,1,0,1,1
chorizo,1,1,1,1,1,1,1,1,1,1,1,1,0,1,1
cilantro,1,1,1,1,1,1,1,1,1,1,1,1,0,1,1
cinnamon stick,1,1,1,1,1,1,1,1,1,1,1,1,0,1,1
clam chowder,1,1,1,1,1,1,1,1,1,1,1,1,0,1,1
clam juice,1,1,1,1,1,1,1,1,1,1,1,1,0,1,1
clams,1,1,1,1,1,1,1,1,1,1,1,1,0,1,1
coconut flakes,1,1,1,1,1,1,1,1,1,1,1,1,0,1,1
coconut oil,1,1,1,1,1,1,1,1,1,1,1,0,0,1,0
cod fish,1,1,1,1,1,1,1,1,1,1,1,1,1,1,1
coffee beans,1,1,1,1,1,1,1,1,1,1,1,1,0,1,1
cognac,1,1,1,1,1,1,1,1,1,1,1,1,0,1,1
coleslaw,1,1,1,1,1,1,1,1,1,1,1,1,0,1,1
collard greens,1,1,1,1,1,1,1,1,1,1,1,1,0,1,1
corn bread,1,1,0,1,0,0,0,1,1,1,0,1,0,0,0
corn flour,1,1,0,1,0,0,0,1,1,1,0,1,0,0,0
corn kernels,1,1,1,1,0,0,0,1,1,1,0,1,0,0,0
corn meal,1,1,1,1,0,0,0,1,1,1,0,1,0,0,0
corn oil,1,1,1,1,0,0,0,1,1,1,0,0,0,0,0
corn syrup,1,1,1,1,0,0,0,1,1,1,0,1,0,0,0
corn tortillas,1,1,1,1,0,0,0,1,1,1,0,1,0,0,0
cornish hen,1,1,1,1,0,0,0,1,1,1,0,1,0,0,0
cornmeal,1,1,1,1,0,0,0,1,1,1,0,1,0,0,0
cornstarch,1,1,1,1,0,0,0,1,1,1,0,1,0,0,0
cottage cheese,1,0,1,0,1,0,1,1,1,1,0,0,0,1,0
crab cakes,1,1,1,1,1,1,1,1,1,1,1,1,1,1,1
crab legs,1,1,1,1,1,1,1,1,1,1,1,1,1,1,1
crab meat,1,1,1,1,1,1,1,1,1,1,1,1,1,1,1
crackers,1,1,0,1,1,1,1,1,1,1,1,1,0,1,1
cranberry juice,1,1,1,1,1,1,1,1,1,1,1,1,0,1,1
cranberry sauce,1,1,1,1,1,1,1,1,1,1,1,1,0,1,1
cream of mushroom soup,1,0,1,0,1,0,1,1,1,1,0,0,0,1,0
cream of tartar,1,0,1,0,1,0,1,1,1,1,0,0,0,1,0
creamed corn,1,0,1,0,0,0,0,1,1,1,0,0,0,0,0
creme fraiche,1,1,1,1,1,1,1,1,1,1,1,1,0,1,1
cucumber slices,1,1,1,1,1,1,1,1,1,1,1,1,0,1,1
cumin seed,1,1,1,1,1,1,1,1,1,1,1,1,0,1,1
curry leaves,1,1,1,1,1,1,1,1,1,1,1,1,0,1,1
custard,1,1,1,1,1,1,1,1,1,1,1,1,0,1,1
dates,1,1,1,1,1,1,1,1,1,1,1,1,0,1,1
dill pickle,1,1,1,1,1,1,1,1,1,1,1,1,0,1,1
dill weed,1,1,1,1,1,1,1,1,1,1,1,1,0,1,1
duck breast,1,1,1,1,1,1,1,1,1,1,1,1,0,1,1
duck fat,1,1,1,1,1,1,1,1,1,1,1,1,0,1,1
egg noodles,1,0,1,1,1,1,1,1,1,1,1,1,1,1,1
egg whites,1,0,1,1,1,1,1,1,1,1,1,1,1,1,1
egg yolks,1,0,1,1,1,1,1,1,1,1,1,1,1,1,1
eggnog,1,0,1,1,1,1,1,1,1,1,1,1,1,1,1
english muffins,1,1,1,1,1,1,1,1,1,1,1,1,0,1,1
escarole,1,1,1,1,1,1,1,1,1,1,1,1,0,1,1
evaporated milk,1,0,1,0,1,0,1,1,1,1,0,1,0,1,1
fava beans,1,1,1,1,1,1,1,1,1,1,1,1,0,1,1
fennel seed,1,1,1,1,1,1,1,1,1,1,1,1,0,1,1
feta cheese,1,0,1,0,1,0,1,1,1,1,0,0,0,1,0
figs,1,1,1,1,1,1,1,1,1,1,1,1,0,1,1
fish sauce,1,1,1,1,1,1,1,1,1,1,1,1,1,1,1
fish stock,1,1,1,1,1,1,1,1,1,1,1,1,1,1,1
flank steak,1,1,1,1,1,1,1,1,1,1,1,1,0,1,1
flounder,1,1,1,1,1,1,1,1,1,1,1,1,0,1,1
flour tortillas,1,1,0,1,1,1,1,1,1,1,1,1,0,1,1
fontina cheese,1,0,1,0,1,0,1,1,1,1,0,0,0,1,0
french bread,1,1,0,1,0,0,0,1,1,1,0,1,0,0,0
french dressing,1,1,1,1,1,1,1,1,1,1,1,1,0,1,1
french fries,1,1,1,1,1,1,1,1,1,1,1,1,0,1,1
fresh basil,1,1,1,1,1,1,1,1,1,1,1,1,0,1,1
fresh cilantro,1,1,1,1,1,1,1,1,1,1,1,1,0,1,1
fresh dill,1,1,1,1,1,1,1,1,1,1,1,1,0,1,1
fresh ginger,1,1,1,1,1,1,1,1,1,1,1,1,0,1,1
fresh herbs,1,1,1,1,1,1,1,1,1,1,1,1,0,1,1
fresh mint,1,1,1,1,1,1,1,1,1,1,1,1,0,1,1
fresh oregano,1,1,1,1,1,1,1,1,1,1,1,1,0,1,1
fresh parsley,1,1,1,1,1,1,1,1,1,1,1,1,0,1,1
fresh rosemary,1,1,1,1,1,1,1,1,1,1,1,1,0,1,1
fresh sage,1,1,1,1,1,1,1,1,1,1,1,1,0,1,1
fresh thyme,1,1,1,1,1,1,1,1,1,1,1,1,0,1,1
frosting,1,1,1,1,1,1,1,1,1,1,1,1,0,1,1
fruit cocktail,1,1,1,1,1,1,1,1,1,1,1,1,0,1,1
fruit juice,1,1,1,1,1,1,1,1,1,1,1,1,0,1,1
garlic powder,1,1,1,1,1,1,1,1,1,1,1,1,0,1,1
garlic salt,1,1,1,1,1,1,1,1,1,1,1,1,0,1,1
gelatin,1,1,1,1,1,1,1,1,1,1,1,1,0,1,1
ginger root,1,1,1,1,1,1,1,1,1,1,1,1,0,1,1
gingerbread,1,1,0,1,0,0,0,1,1,1,0,1,0,0,0
goat milk,1,0,1,0,1,0,1,1,1,1,0,1,0,1,1
goose,1,1,1,1,1,1,1,1,1,1,1,1,0,1,1
gorgonzola cheese,1,0,1,0,1,0,1,1,1,1,0,0,0,1,0
graham crackers,1,1,0,1,1,1,1,1,1,1,1,1,0,1,1
grand marnier,1,1,1,1,1,1,1,1,1,1,1,1,0,1,1
grapefruit,1,1,1,1,1,1,1,1,1,1,1,1,0,1,1
grapefruit juice,1,1,1,1,1,1,1,1,1,1,1,1,0,1,1
grapes,1,1,1,1,1,1,1,1,1,1,1,1,0,1,1
greek yogurt,1,0,1,0,1,0,1,1,1,1,0,1,0,1,1
green bell pepper,1,1,1,1,1,1,1,1,1,1,1,1,0,1,1
green chiles,1,1,1,1,1,1,1,1,1,1,1,1,0,1,1
green olives,1,1,1,1,1,1,1,1,1,1,1,1,0,1,1
green onion,1,1,1,1,1,1,1,1,1,1,1,1,0,1,1
green peas,1,1,1,1,1,1,1,1,1,1,1,1,0,1,1
green pepper,1,1,1,1,1,1,1,1,1,1,1,1,0,1,1
green tea,1,1,1,1,1,1,1,1,1,1,1,1,0,1,1
grits,1,1,1,1,1,1,1,1,1,1,1,1,0,1,1
ground allspice,1,1,1,1,1,1,1,1,1,1,1,1,0,1,1
ground beef,0,0,1,1,1,1,1,1,0,1,1,1,1,1,1
ground cardamom,1,1,1,1,1,1,1,1,1,1,1,1,0,1,1
ground chicken,0,0,1,1,1,1,1,1,0,1,1,1,1,1,1
ground cinnamon,1,1,1,1,1,1,1,1,1,1,1,1,0,1,1
ground cloves,1,1,1,1,1,1,1,1,1,1,1,1,0,1,1
ground coriander,1,1,1,1,1,1,1,1,1,1,1,1,0,1,1
ground cumin,1,1,1,1,1,1,1,1,1,1,1,1,0,1,1
ground ginger,1,1,1,1,1,1,1,1,1,1,1,1,0,1,1
ground lamb,0,0,1,1,1,1,1,1,0,1,1,1,0,1,1
ground nutmeg,1,1,1,1,1,1,1,1,1,1,1,1,0,1,1
ground pork,0,0,1,1,1,1,1,1,0,1,1,1,1,1,1
ground turkey,0,0,1,1,1,1,1,1,0,1,1,1,1,1,1
gruyere cheese,1,0,1,0,1,0,1,1,1,1,0,0,0,1,0
guacamole,1,1,1,1,1,1,1,1,1,1,1,1,0,1,1
halibut,1,1,1,1,1,1,1,1,1,1,1,1,0,1,1
ham hock,1,1,1,1,1,1,1,1,1,1,1,1,0,1,1
hamburger,1,1,1,1,1,1,1,1,1,1,1,1,0,1,1
hash browns,1,1,1,1,1,1,1,1,1,1,1,1,0,1,1
heavy cream,1,0,1,0,1,0,1,1,1,1,0,0,0,1,0
herbes de provence,1,1,1,1,1,1,1,1,1,1,1,1,0,1,1
honey mustard,1,0,1,1,0,0,0,1,1,1,0,1,0,0,0
horseradish,1,1,1,1,1,1,1,1,1,1,1,1,0,1,1
hot dogs,1,1,1,1,1,1,1,1,1,1,1,1,0,1,1
hot peppers,1,1,1,1,1,1,1,1,1,1,1,1,0,1,1
hot sauce,1,1,1,1,1,1,1,1,1,1,1,1,0,1,1
ice,1,1,1,1,1,1,1,1,1,1,1,1,0,1,1
italian bread,1,1,0,1,0,0,0,1,1,1,0,1,0,0,0
italian dressing,1,1,1,1,1,1,1,1,1,1,1,1,0,1,1
italian sausage,1,1,1,1,1,1,1,1,1,1,1,1,0,1,1
jalapeno peppers,1,1,1,1,1,1,1,1,1,1,1,1,0,1,1
jam,1,1,1,1,1,1,1,1,1,1,1,1,0,1,1
japanese rice,1,1,1,1,0,0,0,1,1,1,0,1,0,0,0
jasmine rice,1,1,1,1,0,0,0,1,1,1,0,1,0,0,0
jelly,1,1,1,1,1,1,1,1,1,1,1,1,0,1,1
kale,1,1,1,1,1,1,1,1,1,1,1,1,0,1,1
ketchup,1,1,1,1,1,1,1,1,1,1,1,1,0,1,1
kidney beans,1,1,1,1,1,1,1,1,1,1,1,1,0,1,1
kiwi,1,1,1,1,1,1,1,1,1,1,1,1,0,1,1
lamb chops,0,0,1,1,1,1,1,1,0,1,1,1,0,1,1
lamb shanks,0,0,1,1,1,1,1,1,0,1,1,1,0,1,1
lasagna noodles,1,1,1,1,1,1,1,1,1,1,1,1,0,1,1
leeks,1,1,1,1,1,1,1,1,1,1,1,1,0,1,1
lemon peel,1,1,1,1,1,1,1,1,1,1,1,1,0,1,1
lemon zest,1,1,1,1,1,1,1,1,1,1,1,1,0,1,1
lentils,1,1,1,1,1,1,1,1,1,1,1,1,0,1,1
lettuce leaves,1,1,1,1,1,1,1,1,1,1,1,1,0,1,1
lima beans,1,1,1,1,1,1,1,1,1,1,1,1,0,1,1
lime peel,1,1,1,1,1,1,1,1,1,1,1,1,0,1,1
lime zest,1,1,1,1,1,1,1,1,1,1,1,1,0,1,1
linguine,1,1,1,1,1,1,1,1,1,1,1,1,0,1,1
liquid smoke,1,1,1,1,1,1,1,1,1,1,1,1,0,1,1
liver,1,1,1,1,1,1,1,1,1,1,1,1,0,1,1
lobster tail,1,1,1,1,1,1,1,1,1,1,1,1,0,1,1
long grain rice,1,1,1,1,0,0,0,1,1,1,0,1,0,0,0
low fat milk,1,0,1,0,1,0,1,1,1,1,0,1,0,1,1
macadamia nuts,1,1,1,1,1,1,1,1,1,1,1,1,0,1,1
macaroni,1,1,1,1,1,1,1,1,1,1,1,1,0,1,1
malt vinegar,1,1,0,1,1,1,1,1,1,1,1,1,0,1,1
mango,1,1,1,1,1,1,1,1,1,1,1,1,0,1,1
maple syrup,1,1,1,1,1,1,1,1,1,1,1,1,0,1,1
margarine,1,1,1,1,1,1,1,1,1,1,1,1,0,1,1
marinara sauce,1,1,1,1,1,1,1,1,1,1,1,1,0,1,1
marjoram,1,1,1,1,1,1,1,1,1,1,1,1,0,1,1
marshmallows,1,1,1,1,1,1,1,1,1,1,1,1,0,1,1
mashed potatoes,1,1,1,1,0,0,0,1,1,1,0,1,0,0,0
mayonnaise,1,1,1,1,1,1,1,1,1,1,1,1,0,1,1
meat sauce,1,1,1,1,1,1,1,1,1,1,1,1,0,1,1
meatballs,1,1,1,1,1,1,1,1,1,1,1,1,0,1,1
milk chocolate,1,0,1,0,1,0,1,1,1,1,0,1,0,1,1
mint leaves,1,1,1,1,1,1,1,1,1,1,1,1,0,1,1
molasses,1,1,1,1,1,1,1,1,1,1,1,1,0,1,1
monterey jack cheese,1,0,1,0,1,0,1,1,1,1,0,0,0,1,0
mozzarella,1,1,1,1,1,1,1,1,1,1,1,1,0,1,1
mushroom soup,1,1,1,1,1,1,1,1,1,1,1,1,0,1,1
navy beans,1,1,1,1,1,1,1,1,1,1,1,1,0,1,1
nectarines,1,1,1,1,1,1,1,1,1,1,1,1,0,1,1
noodles,1,1,1,1,1,1,1,1,1,1,1,1,0,1,1
northern beans,1,1,1,1,1,1,1,1,1,1,1,1,0,1,1
oat bran,1,1,1,1,1,1,1,1,1,1,1,1,0,1,1
oatmeal,1,1,1,1,1,1,1,1,1,1,1,1,0,1,1
octopus,1,1,1,1,1,1,1,1,1,1,1,1,0,1,1
okra,1,1,1,1,1,1,1,1,1,1,1,1,0,1,1
olive oil,1,1,1,1,1,1,1,1,1,1,1,0,0,1,0
onion powder,1,1,1,1,1,1,1,1,1,1,1,1,0,1,1
onion soup,1,1,1,1,1,1,1,1,1,1,1,1,0,1,1
orange peel,1,1,1,1,1,1,1,1,1,1,1,1,0,1,1
orange zest,1,1,1,1,1,1,1,1,1,1,1,1,0,1,1
oyster sauce,1,1,1,1,1,1,1,1,1,1,1,1,0,1,1
pancake mix,1,1,1,1,1,1,1,1,1,1,1,1,0,1,1
pancetta,1,1,1,1,1,1,1,1,1,1,1,1,0,1,1
papaya,1,1,1,1,1,1,1,1,1,1,1,1,0,1,1
parmesan,1,1,1,1,1,1,1,1,1,1,1,1,0,1,1
parsnips,1,1,1,1,1,1,1,1,1,1,1,1,0,1,1
pasta sauce,1,1,0,1,0,0,0,1,1,1,0,1,0,0,0
pastry,1,1,1,1,1,1,1,1,1,1,1,1,0,1,1
pea pods,1,1,1,1,1,1,1,1,1,1,1,1,0,1,1
peach preserves,1,1,1,1,1,1,1,1,1,1,1,1,0,1,1
peanut oil,1,1,1,1,1,1,1,1,1,1,1,0,0,1,0
pear juice,1,1,1,1,1,1,1,1,1,1,1,1,0,1,1
pearl onions,1,1,1,1,1,1,1,1,1,1,1,1,0,1,1
penne pasta,1,1,0,1,0,0,0,1,1,1,0,1,0,0,0
peppercorns,1,1,1,1,0,0,0,1,1,1,0,1,0,0,0
pepperoni,1,1,1,1,1,1,1,1,1,1,1,1,0,1,1
phyllo dough,1,1,1,1,1,1,1,1,1,1,1,1,0,1,1
pie crust,1,1,1,1,1,1,1,1,1,1,1,1,0,1,1
pie filling,1,1,1,1,1,1,1,1,1,1,1,1,0,1,1
pine nuts,1,1,1,1,1,1,1,1,1,1,1,1,0,1,1
pineapple juice,1,1,1,1,1,1,1,1,1,1,1,1,0,1,1
pinto beans,1,1,1,1,1,1,1,1,1,1,1,1,0,1,1
pizza dough,1,1,1,1,1,1,1,1,1,1,1,1,0,1,1
pizza sauce,1,1,1,1,1,1,1,1,1,1,1,1,0,1,1
plums,1,1,1,1,1,1,1,1,1,1,1,1,0,1,1
polenta,1,1,1,1,1,1,1,1,1,1,1,1,0,1,1
pomegranate,1,1,1,1,1,1,1,1,1,1,1,1,0,1,1
popcorn,1,1,1,1,0,0,0,1,1,1,0,1,0,0,0
poppy seeds,1,1,1,1,1,1,1,1,1,1,1,1,0,1,1
pork chops,0,0,1,1,1,1,1,1,0,1,1,1,1,1,1
pork loin,0,0,1,1,1,1,1,1,0,1,1,1,1,1,1
pork shoulder,0,0,1,1,1,1,1,1,0,1,1,1,1,1,1
port wine,1,1,1,1,1,1,1,1,1,1,1,1,0,1,1
potato chips,1,1,1,1,0,0,0,1,1,1,0,1,0,0,0
potato starch,1,1,1,1,0,0,0,1,1,1,0,1,0,0,0
poultry seasoning,1,1,1,1,1,1,1,1,1,1,1,1,0,1,1
prosciutto,1,1,1,1,1,1,1,1,1,1,1,1,0,1,1
provolone cheese,1,0,1,0,1,0,1,1,1,1,0,0,0,1,0
prunes,1,1,1,1,1,1,1,1,1,1,1,1,0,1,1
pumpkin,1,1,1,1,1,1,1,1,1,1,1,1,0,1,1
pumpkin pie spice,1,1,1,1,1,1,1,1,1,1,1,1,0,1,1
pumpkin seeds,1,1,1,1,1,1,1,1,1,1,1,1,0,1,1
rabbit,1,1,1,1,1,1,1,1,1,1,1,1,0,1,1
radish,1,1,1,1,1,1,1,1,1,1,1,1,0,1,1
raspberry jam,1,1,1,1,1,1,1,1,1,1,1,1,0,1,1
red beans,1,1,1,1,1,1,1,1,1,1,1,1,0,1,1
red bell pepper,1,1,1,1,1,1,1,1,1,1,1,1,0,1,1
red cabbage,1,1,1,1,1,1,1,1,1,1,1,1,0,1,1
red onion,1,1,1,1,1,1,1,1,1,1,1,1,0,1,1
red pepper flakes,1,1,1,1,1,1,1,1,1,1,1,1,0,1,1
red wine,1,1,1,1,1,1,1,1,1,1,1,1,0,1,1
red wine vinegar,1,1,1,1,1,1,1,1,1,1,1,1,0,1,1
rhubarb,1,1,1,1,1,1,1,1,1,1,1,1,0,1,1
rib eye steak,1,1,1,1,1,1,1,1,1,1,1,1,0,1,1
ribs,1,1,1,1,1,1,1,1,1,1,1,1,0,1,1
rice flour,1,1,0,1,0,0,0,1,1,1,0,1,0,0,0
rice noodles,1,1,1,1,0,0,0,1,1,1,0,1,0,0,0
rice paper,1,1,1,1,0,0,0,1,1,1,0,1,0,0,0
rice vinegar,1,1,1,1,0,0,0,1,1,1,0,1,0,0,0
ricotta,1,1,1,1,1,1,1,1,1,1,1,1,0,1,1
roast beef,0,0,1,1,1,1,1,1,0,1,1,1,1,1,1
rock salt,1,1,1,1,1,1,1,1,1,1,1,1,0,1,1
rolled oats,1,1,1,1,1,1,1,1,1,1,1,1,0,1,1
romaine lettuce,1,1,1,1,1,1,1,1,1,1,1,1,0,1,1
romano cheese,1,0,1,0,1,0,1,1,1,1,0,0,0,1,0
root beer,1,1,1,1,1,1,1,1,1,1,1,1,0,1,1
rum,1,1,1,1,1,1,1,1,1,1,1,1,0,1,1
rutabaga,1,1,1,1,1,1,1,1,1,1,1,1,0,1,1
rye bread,1,1,0,1,0,0,0,1,1,1,0,1,0,0,0
rye flour,1,1,0,1,1,1,1,1,1,1,1,1,0,1,1
saffron,1,1,1,1,1,1,1,1,1,1,1,1,0,1,1
salad dressing,1,1,1,1,1,1,1,1,1,1,1,1,0,1,1
salami,1,1,1,1,1,1,1,1,1,1,1,1,0,1,1
salmon fillet,1,1,1,1,1,1,1,1,1,1,1,1,0,1,1
salsa,1,1,1,1,1,1,1,1,1,1,1,1,0,1,1
sea salt,1,1,1,1,1,1,1,1,1,1,1,1,0,1,1
seasoning salt,1,1,1,1,1,1,1,1,1,1,1,1,0,1,1
seaweed,1,1,1,1,1,1,1,1,1,1,1,1,0,1,1
sesame seeds,1,1,1,1,1,1,1,1,1,1,1,1,0,1,1
shallots,1,1,1,1,1,1,1,1,1,1,1,1,0,1,1
shark,1,1,1,1,1,1,1,1,1,1,1,1,0,1,1
sheep cheese,1,0,1,0,1,0,1,1,1,1,0,0,0,1,0
shellfish,1,1,1,1,1,1,1,1,1,1,1,1,1,1,1
sherry,1,1,1,1,1,1,1,1,1,1,1,1,0,1,1
sherry vinegar,1,1,1,1,1,1,1,1,1,1,1,1,0,1,1
shiitake mushrooms,1,1,1,1,1,1,1,1,1,1,1,1,0,1,1
shortbread,1,1,0,1,0,0,0,1,1,1,0,1,0,0,0
shortening,1,1,1,1,1,1,1,1,1,1,1,1,0,1,1
shrimp,1,1,1,1,1,1,1,1,1,1,1,1,1,1,1
sirloin steak,1,1,1,1,1,1,1,1,1,1,1,1,0,1,1
skim milk,1,0,1,0,1,0,1,1,1,1,0,1,0,1,1
smoked salmon,1,1,1,1,1,1,1,1,1,1,1,1,0,1,1
snow peas,1,1,1,1,1,1,1,1,1,1,1,1,0,1,1
sole,1,1,1,1,1,1,1,1,1,1,1,1,0,1,1
sourdough bread,1,1,0,1,0,0,0,1,1,1,0,1,0,0,0
spaghetti,1,1,1,1,1,1,1,1,1,1,1,1,0,1,1
spaghetti sauce,1,1,1,1,1,1,1,1,1,1,1,1,0,1,1
spareribs,1,1,1,1,1,1,1,1,1,1,1,1,0,1,1
spinach,1,1,1,1,1,1,1,1,1,1,1,1,0,1,1
split peas,1,1,1,1,1,1,1,1,1,1,1,1,0,1,1
squid,1,1,1,1,1,1,1,1,1,1,1,1,0,1,1
sriracha,1,1,1,1,1,1,1,1,1,1,1,1,0,1,1
steak sauce,1,1,1,1,1,1,1,1,1,1,1,1,0,1,1
stew meat,1,1,1,1,1,1,1,1,1,1,1,1,0,1,1
stir fry sauce,1,1,1,1,1,1,1,1,1,1,1,1,0,1,1
stock,1,1,1,1,1,1,1,1,1,1,1,1,0,1,1
strawberry jam,1,1,1,1,1,1,1,1,1,1,1,1,0,1,1
stuffing,1,1,1,1,1,1,1,1,1,1,1,1,0,1,1
sugar snap peas,1,1,1,1,0,0,0,1,1,1,0,1,0,0,0
summer squash,1,1,1,1,1,1,1,1,1,1,1,1,0,1,1
sun dried tomatoes,1,1,1,1,1,1,1,1,1,1,1,1,0,1,1
sunflower oil,1,1,1,1,1,1,1,1,1,1,1,0,0,1,0
sunflower seeds,1,1,1,1,1,1,1,1,1,1,1,1,0,1,1
sweet and sour sauce,1,1,1,1,1,1,1,1,1,1,1,1,0,1,1
sweet corn,1,1,1,1,0,0,0,1,1,1,0,1,0,0,0
sweet onion,1,1,1,1,1,1,1,1,1,1,1,1,0,1,1
sweet pickle relish,1,1,1,1,1,1,1,1,1,1,1,1,0,1,1
sweet potatoes,1,1,1,1,0,0,0,1,1,1,0,1,0,0,0
swiss chard,1,1,1,1,1,1,1,1,1,1,1,1,0,1,1
swiss cheese,1,0,1,0,1,0,1,1,1,1,0,0,0,1,0
swordfish,1,1,1,1,1,1,1,1,1,1,1,1,1,1,1
tabasco sauce,1,1,1,1,1,1,1,1,1,1,1,1,0,1,1
tahini,1,1,1,1,1,1,1,1,1,1,1,1,0,1,1
tamarind,1,1,1,1,1,1,1,1,1,1,1,1,0,1,1
tangerines,1,1,1,1,1,1,1,1,1,1,1,1,0,1,1
tapioca,1,1,1,1,1,1,1,1,1,1,1,1,0,1,1
tarragon,1,1,1,1,1,1,1,1,1,1,1,1,0,1,1
teriyaki sauce,1,1,1,1,1,1,1,1,1,1,1,1,0,1,1
tilapia,1,1,1,1,1,1,1,1,1,1,1,1,0,1,1
tofu,1,1,1,1,1,1,1,1,1,1,1,1,1,1,1
tomato juice,1,1,1,1,1,1,1,1,1,1,1,1,0,1,1
tomato puree,1,1,1,1,1,1,1,1,1,1,1,1,0,1,1
tomato soup,1,1,1,1,1,1,1,1,1,1,1,1,0,1,1
tortilla chips,1,1,1,1,1,1,1,1,1,1,1,1,0,1,1
trout,1,1,1,1,1,1,1,1,1,1,1,1,0,1,1
truffle oil,1,1,1,1,1,1,1,1,1,1,1,0,0,1,0
tuna fish,1,1,1,1,1,1,1,1,1,1,1,1,1,1,1
turkey breast,0,0,1,1,1,1,1,1,0,1,1,1,1,1,1
turkey sausage,0,0,1,1,1,1,1,1,0,1,1,1,1,1,1
turmeric,1,1,1,1,1,1,1,1,1,1,1,1,0,1,1
turnips,1,1,1,1,1,1,1,1,1,1,1,1,0,1,1
vanilla extract,1,1,1,1,1,1,1,1,1,1,1,1,0,1,1
veal,1,1,1,1,1,1,1,1,1,1,1,1,0,1,1
vegetable broth,1,1,1,1,1,1,1,1,1,1,1,1,0,1,1
vegetable oil,1,1,1,1,1,1,1,1,1,1,1,0,0,1,0
vegetable soup,1,1,1,1,1,1,1,1,1,1,1,1,0,1,1
vegetarian beans,1,1,1,1,1,1,1,1,1,1,1,1,0,1,1
venison,1,1,1,1,1,1,1,1,1,1,1,1,0,1,1
vermicelli,1,1,1,1,1,1,1,1,1,1,1,1,0,1,1
vodka,1,1,1,1,1,1,1,1,1,1,1,1,0,1,1
wasabi,1,1,1,1,1,1,1,1,1,1,1,1,0,1,1
water chestnuts,1,1,1,1,1,1,1,1,1,1,1,1,0,1,1
watercress,1,1,1,1,1,1,1,1,1,1,1,1,0,1,1
watermelon,1,1,1,1,1,1,1,1,1,1,1,1,0,1,1
wheat flour,1,1,0,1,1,1,1,1,1,1,1,1,0,1,1
wheat germ,1,1,0,1,1,1,1,1,1,1,1,1,0,1,1
whipped cream,1,0,1,0,1,0,1,1,1,1,0,0,0,1,0
whipping cream,1,0,1,0,1,0,1,1,1,1,0,0,0,1,0
white beans,1,1,1,1,1,1,1,1,1,1,1,1,0,1,1
white bread,1,1,0,1,0,0,0,1,1,1,0,1,0,0,0
white chocolate,1,1,1,1,1,1,1,1,1,1,1,1,0,1,1
white onion,1,1,1,1,1,1,1,1,1,1,1,1,0,1,1
white pepper,1,1,1,1,1,1,1,1,1,1,1,1,0,1,1
white rice,1,1,1,1,0,0,0,1,1,1,0,1,0,0,0
white sauce,1,1,1,1,1,1,1,1,1,1,1,1,0,1,1
white wine vinegar,1,1,1,1,1,1,1,1,1,1,1,1,0,1,1
whole milk,1,0,1,0,1,0,1,1,1,1,0,1,0,1,1
whole wheat flour,1,1,0,1,1,1,1,1,1,1,1,1,0,1,1
wild rice,1,1,1,1,0,0,0,1,1,1,0,1,0,0,0
wine vinegar,1,1,1,1,1,1,1,1,1,1,1,1,0,1,1
winter squash,1,1,1,1,1,1,1,1,1,1,1,1,0,1,1
worcestershire sauce,1,1,1,1,1,1,1,1,1,1,1,1,0,1,1
yellow onion,1,1,1,1,1,1,1,1,1,1,1,1,0,1,1
yellow squash,1,1,1,1,1,1,1,1,1,1,1,1,0,1,1
zest,1,1,1,1,1,1,1,1,1,1,1,1,0,1,1
acorn,1,1,1,1,0,0,0,1,1,1,0,1,0,0,0
agar,1,1,1,1,1,1,1,1,1,1,1,1,0,1,1
ale,1,1,1,1,1,1,1,1,1,1,1,1,0,1,1
alfalfa,1,1,1,1,1,1,1,1,1,1,1,1,0,1,1
allspice berries,1,1,1,1,1,1,1,1,1,1,1,1,0,1,1
almond butter,1,0,1,0,1,0,1,1,1,1,0,0,0,1,0
almond flour,1,1,0,1,1,1,1,1,1,1,1,1,0,1,1
almond milk,1,0,1,0,1,0,1,1,1,1,0,1,0,1,1
almond oil,1,1,1,1,1,1,1,1,1,1,1,0,0,1,0
amaretto,1,1,1,1,1,1,1,1,1,1,1,1,0,1,1
anchovy fillets,1,1,1,1,1,1,1,1,1,1,1,1,0,1,1
angel hair,1,1,1,1,1,1,1,1,1,1,1,1,0,1,1
anise extract,1,1,1,1,1,1,1,1,1,1,1,1,0,1,1
anise oil,1,1,1,1,1,1,1,1,1,1,1,0,0,1,0
apple brandy,1,1,1,1,1,1,1,1,1,1,1,1,0,1,1
apple cider vinegar,1,1,1,1,1,1,1,1,1,1,1,1,0,1,1
apple juice concentrate,1,1,1,1,1,1,1,1,1,1,1,1,0,1,1
apple pie spice,1,1,1,1,1,1,1,1,1,1,1,1,0,1,1
apple rings,1,1,1,1,1,1,1,1,1,1,1,1,0,1,1
apple schnapps,1,1,1,1,1,1,1,1,1,1,1,1,0,1,1
apple slices,1,1,1,1,1,1,1,1,1,1,1,1,0,1,1
apricot halves,1,1,1,1,1,1,1,1,1,1,1,1,0,1,1
apricot nectar,1,1,1,1,1,1,1,1,1,1,1,1,0,1,1
apricot preserves,1,1,1,1,1,1,1,1,1,1,1,1,0,1,1
artichoke,1,1,1,1,1,1,1,1,1,1,1,1,0,1,1
artichoke bottoms,1,1,1,1,1,1,1,1,1,1,1,1,0,1,1
artichoke hearts,1,1,1,1,1,1,1,1,1,1,1,1,0,1,1
arugula,1,1,1,1,1,1,1,1,1,1,1,1,0,1,1
asian pear,1,1,1,1,1,1,1,1,1,1,1,1,0,1,1
asparagus spears,1,1,1,1,1,1,1,1,1,1,1,1,0,1,1
avocado oil,1,1,1,1,1,1,1,1,1,1,1,0,0,1,0
baby back ribs,1,1,1,1,1,1,1,1,1,1,1,1,0,1,1
baby carrots,1,1,1,1,1,1,1,1,1,1,1,1,0,1,1
baby corn,1,1,1,1,0,0,0,1,1,1,0,1,0,0,0
baby lima beans,1,1,1,1,1,1,1,1,1,1,1,1,0,1,1
baby spinach,1,1,1,1,1,1,1,1,1,1,1,1,0,1,1
back bacon,0,0,1,1,1,1,1,1,0,1,1,0,0,1,0
bacon drippings,0,0,1,1,1,1,1,1,0,1,1,0,0,1,0
bacon grease,0,0,1,1,1,1,1,1,0,1,1,0,0,1,0
bagels,1,1,1,1,1,1,1,1,1,1,1,1,0,1,1
baking chocolate,1,1,1,1,1,1,1,1,1,1,1,1,0,1,1
baking cocoa,1,1,1,1,1,1,1,1,1,1,1,1,0,1,1
baking mix,1,1,1,1,1,1,1,1,1,1,1,1,0,1,1
baking spray,1,1,1,1,1,1,1,1,1,1,1,1,0,1,1
balsamic glaze,1,1,1,1,1,1,1,1,1,1,1,1,0,1,1
bamboo shoots,1,1,1,1,1,1,1,1,1,1,1,1,0,1,1
banana bread,1,1,0,1,0,0,0,1,1,1,0,1,0,0,0
banana chips,1,1,1,1,0,0,0,1,1,1,0,1,0,0,0
banana cream,1,0,1,0,0,0,0,1,1,1,0,0,0,0,0
banana liqueur,1,1,1,1,0,0,0,1,1,1,0,1,0,0,0
banana nut bread,1,1,0,1,0,0,0,1,1,1,0,1,0,0,0
banana peppers,1,1,1,1,0,0,0,1,1,1,0,1,0,0,0
barbecue ribs,1,1,1,1,1,1,1,1,1,1,1,1,0,1,1
barley flour,1,1,0,1,1,1,1,1,1,1,1,1,0,1,1
barley pearl,1,1,0,1,1,1,1,1,1,1,1,1,0,1,1
basil leaves,1,1,1,1,1,1,1,1,1,1,1,1,0,1,1
basil oil,1,1,1,1,1,1,1,1,1,1,1,0,0,1,0
bass,1,1,1,1,1,1,1,1,1,1,1,1,0,1,1
bay scallops,1,1,1,1,1,1,1,1,1,1,1,1,0,1,1
bean paste,1,1,1,1,1,1,1,1,1,1,1,1,0,1,1
bean sprouts,1,1,1,1,1,1,1,1,1,1,1,1,0,1,1
beef brisket,0,0,1,1,1,1,1,1,0,1,1,1,1,1,1
beef broth,0,0,1,1,1,1,1,1,0,1,1,1,1,1,1
beef chuck roast,0,0,1,1,1,1,1,1,0,1,1,1,1,1,1
beef consomme,0,0,1,1,1,1,1,1,0,1,1,1,1,1,1
beef cubes,0,0,1,1,1,1,1,1,0,1,1,1,1,1,1
beef fat,0,0,1,1,1,1,1,1,0,1,1,1,1,1,1
beef flank steak,0,0,1,1,1,1,1,1,0,1,1,1,1,1,1
beef gravy,0,0,1,1,1,1,1,1,0,1,1,1,1,1,1
beef jerky,0,0,1,1,1,1,1,1,0,1,1,1,1,1,1
beef liver,0,0,1,1,1,1,1,1,0,1,1,1,1,1,1
beef marinade,0,0,1,1,1,1,1,1,0,1,1,1,1,1,1
beef pot roast,0,0,1,1,1,1,1,1,0,1,1,1,1,1,1
beef round,0,0,1,1,1,1,1,1,0,1,1,1,1,1,1
beef rump roast,0,0,1,1,1,1,1,1,0,1,1,1,1,1,1
beef short ribs,0,0,1,1,1,1,1,1,0,1,1,1,1,1,1
beef sirloin,0,0,1,1,1,1,1,1,0,1,1,1,1,1,1
beef soup,0,0,1,1,1,1,1,1,0,1,1,1,1,1,1
beef steak,0,0,1,1,1,1,1,1,0,1,1,1,1,1,1
beef stew,0,0,1,1,1,1,1,1,0,1,1,1,1,1,1
beef stock,0,0,1,1,1,1,1,1,0,1,1,1,1,1,1
beef strips,0,0,1,1,1,1,1,1,0,1,1,1,1,1,1
beef suet,0,0,1,1,1,1,1,1,0,1,1,1,1,1,1
beef tongue,0,0,1,1,1,1,1,1,0,1,1,1,1,1,1
beer batter,1,1,1,1,1,1,1,1,1,1,1,1,0,1,1
beet greens,1,1,1,1,1,1,1,1,1,1,1,1,0,1,1
beet juice,1,1,1,1,1,1,1,1,1,1,1,1,0,1,1
bell peppers,1,1,1,1,1,1,1,1,1,1,1,1,0,1,1
berry mix,1,1,1,1,1,1,1,1,1,1,1,1,0,1,1
biscuit dough,1,1,1,1,1,1,1,1,1,1,1,1,0,1,1
biscuit mix,1,1,1,1,1,1,1,1,1,1,1,1,0,1,1
bitter chocolate,1,1,1,1,1,1,1,1,1,1,1,1,0,1,1
bittersweet chocolate,1,1,1,1,1,1,1,1,1,1,1,1,0,1,1
black beans,1,1,1,1,1,1,1,1,1,1,1,1,0,1,1
black eyed peas,1,1,1,1,1,1,1,1,1,1,1,1,0,1,1
black garlic,1,1,1,1,1,1,1,1,1,1,1,1,0,1,1
black olives,1,1,1,1,1,1,1,1,1,1,1,1,0,1,1
black pepper,1,1,1,1,1,1,1,1,1,1,1,1,0,1,1
black rice,1,1,1,1,0,0,0,1,1,1,0,1,0,0,0
black sesame seeds,1,1,1,1,1,1,1,1,1,1,1,1,0,1,1
black turtle beans,1,1,1,1,1,1,1,1,1,1,1,1,0,1,1
blackberry jam,1,1,1,1,1,1,1,1,1,1,1,1,0,1,1
blackberry juice,1,1,1,1,1,1,1,1,1,1,1,1,0,1,1
blackstrap molasses,1,1,1,1,1,1,1,1,1,1,1,1,0,1,1
blue cheese crumbles,1,0,1,0,1,0,1,1,1,1,0,0,0,1,0
blue cheese dressing,1,0,1,0,1,0,1,1,1,1,0,0,0,1,0
blueberry muffins,1,1,1,1,1,1,1,1,1,1,1,1,0,1,1
bok choy,1,1,1,1,1,1,1,1,1,1,1,1,0,1,1
bone broth,1,1,1,1,1,1,1,1,1,1,1,1,0,1,1
bone marrow,1,1,1,1,1,1,1,1,1,1,1,1,0,1,1
boneless chicken,0,0,1,1,1,1,1,1,0,1,1,1,1,1,1
boneless pork,0,0,1,1,1,1,1,1,0,1,1,1,1,1,1
boneless ribs,1,1,1,1,1,1,1,1,1,1,1,1,0,1,1
bourbon,1,1,1,1,1,1,1,1,1,1,1,1,0,1,1
bratwurst,1,1,1,1,1,1,1,1,1,1,1,1,0,1,1
brazil nuts,1,1,1,1,1,1,1,1,1,1,1,1,0,1,1
bread pudding,1,1,0,1,0,0,0,1,1,1,0,1,0,0,0
breadcrumbs,1,1,0,1,0,0,0,1,1,1,0,1,0,0,0
breakfast sausage,1,1,1,1,1,1,1,1,1,1,1,1,0,1,1
brie cheese,1,0,1,0,1,0,1,1,1,1,0,0,0,1,0
brisket,1,1,1,1,1,1,1,1,1,1,1,1,0,1,1
broad beans,1,1,1,1,1,1,1,1,1,1,1,1,0,1,1
broccoli rabe,1,1,1,1,1,1,1,1,1,1,1,1,0,1,1
broccoli soup,1,1,1,1,1,1,1,1,1,1,1,1,0,1,1
broiled chicken,0,0,1,1,1,1,1,1,0,1,1,0,1,1,0
brown butter,1,0,1,0,1,0,1,1,1,1,0,0,0,1,0
brown mushrooms,1,1,1,1,1,1,1,1,1,1,1,1,0,1,1
brown onions,1,1,1,1,1,1,1,1,1,1,1,1,0,1,1
brown rice syrup,1,1,1,1,0,0,0,1,1,1,0,1,0,0,0
brown sugar,1,1,1,1,0,0,0,1,1,1,0,1,0,0,0
buckwheat,1,1,0,1,1,1,1,1,1,1,1,1,0,1,1
buffalo chicken,0,0,1,1,1,1,1,1,0,1,1,1,1,1,1
buffalo sauce,1,1,1,1,1,1,1,1,1,1,1,1,0,1,1
bulgur,1,1,1,1,1,1,1,1,1,1,1,1,0,1,1
butter lettuce,1,0,1,0,1,0,1,1,1,1,0,0,0,1,0
butter pecan,1,0,1,0,1,0,1,1,1,1,0,0,0,1,0
buttercream,1,0,1,0,1,0,1,1,1,1,0,0,0,1,0
butternut squash,1,0,1,0,1,0,1,1,1,1,0,0,0,1,0
butterscotch,1,0,1,0,1,0,1,1,1,1,0,0,0,1,0
butterscotch chips,1,0,1,0,1,0,1,1,1,1,0,0,0,1,0
buttermilk pancakes,1,0,1,0,1,0,1,1,1,1,0,0,0,1,0
cabbage rolls,1,1,1,1,1,1,1,1,1,1,1,1,0,1,1
caesar dressing,1,1,1,1,1,1,1,1,1,1,1,1,0,1,1
cajun seasoning,1,1,1,1,1,1,1,1,1,1,1,1,0,1,1
cake batter,1,1,1,1,1,1,1,1,1,1,1,1,0,1,1
cake flour,1,1,0,1,1,1,1,1,1,1,1,1,0,1,1
cake mix,1,1,1,1,1,1,1,1,1,1,1,1,0,1,1
calamari rings,1,1,1,1,1,1,1,1,1,1,1,1,0,1,1
calvados,1,1,1,1,1,1,1,1,1,1,1,1,0,1,1
camembert cheese,1,0,1,0,1,0,1,1,1,1,0,0,0,1,0
canadian bacon,0,0,1,1,1,1,1,1,0,1,1,0,0,1,0
candied ginger,1,1,1,1,1,1,1,1,1,1,1,1,0,1,1
candied pecans,1,1,1,1,1,1,1,1,1,1,1,1,0,1,1
canned beans,1,1,1,1,1,1,1,1,1,1,1,1,0,1,1
canned corn,1,1,1,1,0,0,0,1,1,1,0,1,0,0,0
canned tomatoes,1,1,1,1,1,1,1,1,1,1,1,1,0,1,1
cannellini beans,1,1,1,1,1,1,1,1,1,1,1,1,0,1,1
cantaloupe,1,1,1,1,1,1,1,1,1,1,1,1,0,1,1
cape gooseberries,1,1,1,1,1,1,1,1,1,1,1,1,0,1,1
cappuccino,1,1,1,1,1,1,1,1,1,1,1,1,0,1,1
caramel sauce,1,1,1,1,1,1,1,1,1,1,1,1,0,1,1
caraway seeds,1,1,1,1,1,1,1,1,1,1,1,1,0,1,1
cardamom pods,1,1,1,1,1,1,1,1,1,1,1,1,0,1,1
carob chips,1,1,1,1,1,1,1,1,1,1,1,1,0,1,1
carob powder,1,1,1,1,1,1,1,1,1,1,1,1,0,1,1
carrot juice,1,1,1,1,1,1,1,1,1,1,1,1,0,1,1
carrot soup,1,1,1,1,1,1,1,1,1,1,1,1,0,1,1
cashew butter,1,0,1,0,1,0,1,1,1,1,0,0,0,1,0
cashew cream,1,0,1,0,1,0,1,1,1,1,0,0,0,1,0
cashew milk,1,0,1,0,1,0,1,1,1,1,0,1,0,1,1
castor oil,1,1,1,1,1,1,1,1,1,1,1,0,0,1,0
catfish fillets,1,1,1,1,1,1,1,1,1,1,1,1,1,1,1
cauliflower rice,1,1,1,1,0,0,0,1,1,1,0,1,0,0,0
caviar,1,1,1,1,1,1,1,1,1,1,1,1,0,1,1
cayenne pepper,1,1,1,1,1,1,1,1,1,1,1,1,0,1,1
celery leaves,1,1,1,1,1,1,1,1,1,1,1,1,0,1,1
celery root,1,1,1,1,1,1,1,1,1,1,1,1,0,1,1
celery salt,1,1,1,1,1,1,1,1,1,1,1,1,0,1,1
celery seed,1,1,1,1,1,1,1,1,1,1,1,1,0,1,1
cereal,1,1,1,1,1,1,1,1,1,1,1,1,0,1,1
chai,1,1,1,1,1,1,1,1,1,1,1,1,0,1,1
champagne,1,1,1,1,1,1,1,1,1,1,1,1,0,1,1
champagne vinegar,1,1,1,1,1,1,1,1,1,1,1,1,0,1,1
chanterelle mushrooms,1,1,1,1,1,1,1,1,1,1,1,1,0,1,1
chard,1,1,1,1,1,1,1,1,1,1,1,1,0,1,1
cheddar soup,1,1,1,1,1,1,1,1,1,1,1,1,0,1,1
cheese curds,1,0,1,0,1,0,1,1,1,1,0,0,0,1,0
cheese sauce,1,0,1,0,1,0,1,1,1,1,0,0,0,1,0
cheese spread,1,0,1,0,1,0,1,1,1,1,0,0,0,1,0
cheesecake,1,0,1,0,1,0,1,1,1,1,0,0,0,1,0
cherry brandy,1,1,1,1,1,1,1,1,1,1,1,1,0,1,1
cherry juice,1,1,1,1,1,1,1,1,1,1,1,1,0,1,1
cherry preserves,1,1,1,1,1,1,1,1,1,1,1,1,0,1,1
cherry tomatoes,1,1,1,1,1,1,1,1,1,1,1,1,0,1,1
chestnut flour,1,1,0,1,1,1,1,1,1,1,1,1,0,1,1
chestnuts,1,1,1,1,1,1,1,1,1,1,1,1,0,1,1
chicken bouillon,0,0,1,1,1,1,1,1,0,1,1,1,1,1,1
chicken breast,0,0,1,1,1,1,1,1,0,1,1,1,1,1,1
chicken broth,0,0,1,1,1,1,1,1,0,1,1,1,1,1,1
chicken casserole,0,0,1,1,1,1,1,1,0,1,1,1,1,1,1
chicken fat,0,0,1,1,1,1,1,1,0,1,1,1,1,1,1
chicken gizzards,0,0,1,1,1,1,1,1,0,1,1,1,1,1,1
chicken gravy,0,0,1,1,1,1,1,1,0,1,1,1,1,1,1
chicken livers,0,0,1,1,1,1,1,1,0,1,1,1,1,1,1
chicken noodle soup,0,0,1,1,1,1,1,1,0,1,1,1,1,1,1
chicken salad,0,0,1,1,1,1,1,1,0,1,1,1,1,1,1
chicken sausage,0,0,1,1,1,1,1,1,0,1,1,1,1,1,1
chicken soup,0,0,1,1,1,1,1,1,0,1,1,1,1,1,1
chicken strips,0,0,1,1,1,1,1,1,0,1,1,1,1,1,1
chicken tenders,0,0,1,1,1,1,1,1,0,1,1,1,1,1,1
chicken thighs,0,0,1,1,1,1,1,1,0,1,1,1,1,1,1
chicken wings,0,0,1,1,1,1,1,1,0,1,1,1,1,1,1
chickpea flour,1,1,0,1,1,1,1,1,1,1,1,1,0,1,1
chickpeas,1,1,1,1,1,1,1,1,1,1,1,1,0,1,1
chicory,1,1,1,1,1,1,1,1,1,1,1,1,0,1,1
chili beans,1,1,1,1,1,1,1,1,1,1,1,1,0,1,1
chili flakes,1,1,1,1,1,1,1,1,1,1,1,1,0,1,1
chili oil,1,1,1,1,1,1,1,1,1,1,1,0,0,1,0
chili paste,1,1,1,1,1,1,1,1,1,1,1,1,0,1,1
chili powder,1,1,1,1,1,1,1,1,1,1,1,1,0,1,1
chili sauce,1,1,1,1,1,1,1,1,1,1,1,1,0,1,1
chinese broccoli,1,1,1,1,1,1,1,1,1,1,1,1,0,1,1
chinese five spice,1,1,1,1,1,1,1,1,1,1,1,1,0,1,1
chinese noodles,1,1,1,1,1,1,1,1,1,1,1,1,0,1,1
chinese rice wine,1,1,1,1,0,0,0,1,1,1,0,1,0,0,0
chinese sausage,1,1,1,1,1,1,1,1,1,1,1,1,0,1,1
chipotle,1,1,1,1,1,1,1,1,1,1,1,1,0,1,1
chipotle peppers,1,1,1,1,1,1,1,1,1,1,1,1,0,1,1
chives,1,1,1,1,1,1,1,1,1,1,1,1,0,1,1
chocolate cake,1,1,1,1,1,1,1,1,1,1,1,1,0,1,1
chocolate chips,1,1,1,1,1,1,1,1,1,1,1,1,0,1,1
chocolate cookies,1,1,1,1,1,1,1,1,1,1,1,1,0,1,1
chocolate frosting,1,1,1,1,1,1,1,1,1,1,1,1,0,1,1
chocolate ganache,1,1,1,1,1,1,1,1,1,1,1,1,0,1,1
chocolate liqueur,1,1,1,1,1,1,1,1,1,1,1,1,0,1,1
chocolate mousse,1,1,1,1,1,1,1,1,1,1,1,1,0,1,1
chocolate powder,1,1,1,1,1,1,1,1,1,1,1,1,0,1,1
chocolate sauce,1,1,1,1,1,1,1,1,1,1,1,1,0,1,1
chocolate wafers,1,1,1,1,1,1,1,1,1,1,1,1,0,1,1
chorizo sausage,1,1,1,1,1,1,1,1,1,1,1,1,0,1,1
chutney,1,1,1,1,1,1,1,1,1,1,1,1,0,1,1
cider,1,1,1,1,1,1,1,1,1,1,1,1,0,1,1
cider vinegar,1,1,1,1,1,1,1,1,1,1,1,1,0,1,1
cilantro leaves,1,1,1,1,1,1,1,1,1,1,1,1,0,1,1
cinnamon bark,1,1,1,1,1,1,1,1,1,1,1,1,0,1,1
cinnamon powder,1,1,1,1,1,1,1,1,1,1,1,1,0,1,1
cinnamon roll,1,1,1,1,1,1,1,1,1,1,1,1,0,1,1
cinnamon sugar,1,1,1,1,0,0,0,1,1,1,0,1,0,0,0
citric acid,1,1,1,1,1,1,1,1,1,1,1,1,0,1,1
citron,1,1,1,1,1,1,1,1,1,1,1,1,0,1,1
citrus zest,1,1,1,1,1,1,1,1,1,1,1,1,0,1,1
clam juice,1,1,1,1,1,1,1,1,1,1,1,1,0,1,1
clam sauce,1,1,1,1,1,1,1,1,1,1,1,1,0,1,1
clams,1,1,1,1,1,1,1,1,1,1,1,1,0,1,1
clarified butter,1,0,1,0,1,0,1,1,1,1,0,0,0,1,0
club soda,1,1,1,1,1,1,1,1,1,1,1,1,0,1,1
coarse salt,1,1,1,1,1,1,1,1,1,1,1,1,0,1,1
cocoa,1,1,1,1,1,1,1,1,1,1,1,1,0,1,1
cocoa nibs,1,1,1,1,1,1,1,1,1,1,1,1,0,1,1
cocoa powder,1,1,1,1,1,1,1,1,1,1,1,1,0,1,1
coconut butter,1,0,1,0,1,0,1,1,1,1,0,0,0,1,0
coconut cream,1,0,1,0,1,0,1,1,1,1,0,0,0,1,0
coconut flour,1,1,0,1,1,1,1,1,1,1,1,1,0,1,1
coconut meat,1,1,1,1,1,1,1,1,1,1,1,1,0,1,1
coconut water,1,1,1,1,1,1,1,1,1,1,1,1,0,1,1
cod liver oil,1,1,1,1,1,1,1,1,1,1,1,0,0,1,0
coffee cream,1,0,1,0,1,0,1,1,1,1,0,0,0,1,0
coffee grounds,1,1,1,1,1,1,1,1,1,1,1,1,0,1,1
coffee liqueur,1,1,1,1,1,1,1,1,1,1,1,1,0,1,1
cognac,1,1,1,1,1,1,1,1,1,1,1,1,0,1,1
cointreau,1,1,1,1,1,1,1,1,1,1,1,1,0,1,1
cold brew,1,1,1,1,1,1,1,1,1,1,1,1,0,1,1
coleslaw dressing,1,1,1,1,1,1,1,1,1,1,1,1,0,1,1
coleslaw mix,1,1,1,1,1,1,1,1,1,1,1,1,0,1,1
collard greens,1,1,1,1,1,1,1,1,1,1,1,1,0,1,1
compote,1,1,1,1,1,1,1,1,1,1,1,1,0,1,1
concentrated milk,1,0,1,0,1,0,1,1,1,1,0,1,0,1,1
condensed milk,1,0,1,0,1,0,1,1,1,1,0,1,0,1,1
confit,1,1,1,1,1,1,1,1,1,1,1,1,0,1,1
consomme,1,1,1,1,1,1,1,1,1,1,1,1,0,1,1
cooked bacon,0,0,1,1,1,1,1,1,0,1,1,0,0,1,0
cooked chicken,0,0,1,1,1,1,1,1,0,1,1,1,1,1,1
cooked ham,1,1,1,1,1,1,1,1,1,1,1,1,0,1,1
cooked rice,1,1,1,1,0,0,0,1,1,1,0,1,0,0,0
cooked shrimp,1,1,1,1,1,1,1,1,1,1,1,1,1,1,1
cooking oil,1,1,1,1,1,1,1,1,1,1,1,0,0,1,0
cooking spray,1,1,1,1,1,1,1,1,1,1,1,1,0,1,1
cooking wine,1,1,1,1,1,1,1,1,1,1,1,1,0,1,1
coriander leaves,1,1,1,1,1,1,1,1,1,1,1,1,0,1,1
coriander seed,1,1,1,1,1,1,1,1,1,1,1,1,0,1,1
corn chips,1,1,1,1,0,0,0,1,1,1,0,1,0,0,0
corn flakes,1,1,1,1,0,0,0,1,1,1,0,1,0,0,0
corn flour,1,1,0,1,0,0,0,1,1,1,0,1,0,0,0
corn husks,1,1,1,1,0,0,0,1,1,1,0,1,0,0,0
corn oil,1,1,1,1,0,0,0,1,1,1,0,0,0,0,0
corn starch,1,1,1,1,0,0,0,1,1,1,0,1,0,0,0
corn syrup,1,1,1,1,0,0,0,1,1,1,0,1,0,0,0
corned beef,0,0,1,1,0,0,0,1,0,1,0,1,1,0,0
cornish game hen,1,1,1,1,0,0,0,1,1,1,0,1,0,0,0
cornmeal,1,1,1,1,0,0,0,1,1,1,0,1,0,0,0
couscous,1,1,1,1,1,1,1,1,1,1,1,1,0,1,1
crab boil,1,1,1,1,1,1,1,1,1,1,1,0,1,1,0
crab cakes,1,1,1,1,1,1,1,1,1,1,1,1,1,1,1
crab legs,1,1,1,1,1,1,1,1,1,1,1,1,1,1,1
crab stock,1,1,1,1,1,1,1,1,1,1,1,1,1,1,1
cracker crumbs,1,1,0,1,1,1,1,1,1,1,1,1,0,1,1
cranberry juice,1,1,1,1,1,1,1,1,1,1,1,1,0,1,1
cranberry relish,1,1,1,1,1,1,1,1,1,1,1,1,0,1,1
crawfish,1,1,1,1,1,1,1,1,1,1,1,1,1,1,1
cream cheese frosting,1,0,1,0,1,0,1,1,1,1,0,0,0,1,0
cream of coconut,1,0,1,0,1,0,1,1,1,1,0,0,0,1,0
cream of wheat,1,0,0,0,1,0,1,1,1,1,0,0,0,1,0
cream sauce,1,0,1,0,1,0,1,1,1,1,0,0,0,1,0
cream soup,1,0,1,0,1,0,1,1,1,1,0,0,0,1,0
creamed spinach,1,0,1,0,1,0,1,1,1,1,0,0,0,1,0
creamy peanut butter,1,0,1,0,1,0,1,1,1,1,0,0,0,1,0
creole seasoning,1,1,1,1,1,1,1,1,1,1,1,1,0,1,1
crescent rolls,1,1,1,1,1,1,1,1,1,1,1,1,0,1,1
crimini mushrooms,1,1,1,1,1,1,1,1,1,1,1,1,0,1,1
croutons,1,1,1,1,1,1,1,1,1,1,1,1,0,1,1
crushed garlic,1,1,1,1,1,1,1,1,1,1,1,1,0,1,1
crushed red pepper,1,1,1,1,1,1,1,1,1,1,1,1,0,1,1
crushed tomatoes,1,1,1,1,1,1,1,1,1,1,1,1,0,1,1
cucumber,1,1,1,1,1,1,1,1,1,1,1,1,0,1,1
cumin seeds,1,1,1,1,1,1,1,1,1,1,1,1,0,1,1
currants,1,1,1,1,1,1,1,1,1,1,1,1,0,1,1
curry paste,1,1,1,1,1,1,1,1,1,1,1,1,0,1,1
curry powder,1,1,1,1,1,1,1,1,1,1,1,1,0,1,1
custard powder,1,1,1,1,1,1,1,1,1,1,1,1,0,1,1
cutlets,1,1,1,1,1,1,1,1,1,1,1,1,0,1,1
daikon,1,1,1,1,1,1,1,1,1,1,1,1,0,1,1
dandelion greens,1,1,1,1,1,1,1,1,1,1,1,1,0,1,1
dark chocolate,1,1,1,1,1,1,1,1,1,1,1,1,0,1,1
dark corn syrup,1,1,1,1,0,0,0,1,1,1,0,1,0,0,0
dark rum,1,1,1,1,1,1,1,1,1,1,1,1,0,1,1
dark soy sauce,1,1,1,1,1,1,1,1,1,1,1,1,0,1,1
dried apricots,1,1,1,1,1,1,1,1,1,1,1,1,0,1,1
dried basil,1,1,1,1,1,1,1,1,1,1,1,1,0,1,1
dried beans,1,1,1,1,1,1,1,1,1,1,1,1,0,1,1
dried cherries,1,1,1,1,1,1,1,1,1,1,1,1,0,1,1
dried cranberries,1,1,1,1,1,1,1,1,1,1,1,1,0,1,1
dried figs,1,1,1,1,1,1,1,1,1,1,1,1,0,1,1
dried fruit,1,1,1,1,1,1,1,1,1,1,1,1,0,1,1
dried herbs,1,1,1,1,1,1,1,1,1,1,1,1,0,1,1
dried mushrooms,1,1,1,1,1,1,1,1,1,1,1,1,0,1,1
dried oregano,1,1,1,1,1,1,1,1,1,1,1,1,0,1,1
dried thyme,1,1,1,1,1,1,1,1,1,1,1,1,0,1,1
duck confit,1,1,1,1,1,1,1,1,1,1,1,1,0,1,1
duck fat,1,1,1,1,1,1,1,1,1,1,1,1,0,1,1
duck legs,1,1,1,1,1,1,1,1,1,1,1,1,0,1,1
dumpling wrappers,1,1,1,1,1,1,1,1,1,1,1,1,0,1,1
dumplings,1,1,1,1,1,1,1,1,1,1,1,1,0,1,1
dutch cheese,1,0,1,0,1,0,1,1,1,1,0,0,0,1,0
earl grey tea,1,1,1,1,1,1,1,1,1,1,1,1,0,1,1
egg drop soup,1,0,1,1,1,1,1,1,1,1,1,1,1,1,1
egg noodles,1,0,1,1,1,1,1,1,1,1,1,1,1,1,1
egg roll wrappers,1,0,1,1,1,1,1,1,1,1,1,1,1,1,1
egg whites,1,0,1,1,1,1,1,1,1,1,1,1,1,1,1
egg yolks,1,0,1,1,1,1,1,1,1,1,1,1,1,1,1
eggnog,1,0,1,1,1,1,1,1,1,1,1,1,1,1,1
eggplant,1,0,1,1,1,1,1,1,1,1,1,1,1,1,1
elderberries,1,1,1,1,1,1,1,1,1,1,1,1,0,1,1
elk,1,1,1,1,1,1,1,1,1,1,1,1,0,1,1
emmental cheese,1,0,1,0,1,0,1,1,1,1,0,0,0,1,0
enchilada sauce,1,1,1,1,1,1,1,1,1,1,1,1,0,1,1
endive,1,1,1,1,1,1,1,1,1,1,1,1,0,1,1
english peas,1,1,1,1,1,1,1,1,1,1,1,1,0,1,1
espresso beans,1,1,1,1,1,1,1,1,1,1,1,1,0,1,1
evaporated milk,1,0,1,0,1,0,1,1,1,1,0,1,0,1,1
extra virgin olive oil,1,1,1,1,1,1,1,1,1,1,1,0,0,1,0
falafel,1,1,1,1,1,1,1,1,1,1,1,1,0,1,1
farfalle,1,1,1,1,1,1,1,1,1,1,1,1,0,1,1
farro,1,1,1,1,1,1,1,1,1,1,1,1,0,1,1
fennel bulb,1,1,1,1,1,1,1,1,1,1,1,1,0,1,1
fennel fronds,1,1,1,1,1,1,1,1,1,1,1,1,0,1,1
fennel pollen,1,1,1,1,1,1,1,1,1,1,1,1,0,1,1
fenugreek,1,1,1,1,1,1,1,1,1,1,1,1,0,1,1
fermented black beans,1,1,1,1,1,1,1,1,1,1,1,1,0,1,1
feta,1,1,1,1,1,1,1,1,1,1,1,1,0,1,1
fettuccine,1,1,1,1,1,1,1,1,1,1,1,1,0,1,1
field greens,1,1,1,1,1,1,1,1,1,1,1,1,0,1,1
fig jam,1,1,1,1,1,1,1,1,1,1,1,1,0,1,1
fig paste,1,1,1,1,1,1,1,1,1,1,1,1,0,1,1
file powder,1,1,1,1,1,1,1,1,1,1,1,1,0,1,1
fine sea salt,1,1,1,1,1,1,1,1,1,1,1,1,0,1,1
fingerling potatoes,1,1,1,1,0,0,0,1,1,1,0,1,0,0,0
fish fillets,1,1,1,1,1,1,1,1,1,1,1,1,1,1,1
fish roe,1,1,1,1,1,1,1,1,1,1,1,1,1,1,1
fish stock,1,1,1,1,1,1,1,1,1,1,1,1,1,1,1
five spice,1,1,1,1,1,1,1,1,1,1,1,1,0,1,1
flank steak,1,1,1,1,1,1,1,1,1,1,1,1,0,1,1
flatbread,1,1,0,1,0,0,0,1,1,1,0,1,0,0,0
flaxseed,1,1,1,1,1,1,1,1,1,1,1,1,0,1,1
flaxseed oil,1,1,1,1,1,1,1,1,1,1,1,0,0,1,0
flounder fillets,1,1,1,1,1,1,1,1,1,1,1,1,0,1,1
flour,1,1,0,1,1,1,1,1,1,1,1,1,0,1,1
foie gras,1,1,1,1,1,1,1,1,1,1,1,1,0,1,1
fontina,1,1,1,1,1,1,1,1,1,1,1,1,0,1,1
french beans,1,1,1,1,1,1,1,1,1,1,1,1,0,1,1
french bread,1,1,0,1,0,0,0,1,1,1,0,1,0,0,0
french onion soup,1,1,1,1,1,1,1,1,1,1,1,1,0,1,1
french toast,1,1,1,1,1,1,1,1,1,1,1,1,0,1,1
fresh bread crumbs,1,1,0,1,0,0,0,1,1,1,0,1,0,0,0
fresh herbs,1,1,1,1,1,1,1,1,1,1,1,1,0,1,1
fresh pasta,1,1,0,1,0,0,0,1,1,1,0,1,0,0,0
fried chicken,0,0,1,1,1,1,1,1,0,0,1,1,1,1,1
fried rice,1,1,1,1,0,0,0,1,1,0,0,1,0,0,0
frozen corn,1,1,1,1,0,0,0,1,1,1,0,1,0,0,0
frozen peas,1,1,1,1,1,1,1,1,1,1,1,1,0,1,1
frozen spinach,1,1,1,1,1,1,1,1,1,1,1,1,0,1,1
fruit preserves,1,1,1,1,1,1,1,1,1,1,1,1,0,1,1
fruit salad,1,1,1,1,1,1,1,1,1,1,1,1,0,1,1
fudge,1,1,1,1,1,1,1,1,1,1,1,1,0,1,1
galangal,1,1,1,1,1,1,1,1,1,1,1,1,0,1,1
game meat,1,1,1,1,1,1,1,1,1,1,1,1,0,1,1
garbanzo beans,1,1,1,1,1,1,1,1,1,1,1,1,0,1,1
garlic chives,1,1,1,1,1,1,1,1,1,1,1,1,0,1,1
garlic oil,1,1,1,1,1,1,1,1,1,1,1,0,0,1,0
garlic paste,1,1,1,1,1,1,1,1,1,1,1,1,0,1,1
garlic powder,1,1,1,1,1,1,1,1,1,1,1,1,0,1,1
garlic scapes,1,1,1,1,1,1,1,1,1,1,1,1,0,1,1
gazpacho,1,1,1,1,1,1,1,1,1,1,1,1,0,1,1
ghee,1,1,1,1,1,1,1,1,1,1,1,1,0,1,1
gin,1,1,1,1,1,1,1,1,1,1,1,1,0,1,1
ginger ale,1,1,1,1,1,1,1,1,1,1,1,1,0,1,1
ginger beer,1,1,1,1,1,1,1,1,1,1,1,1,0,1,1
ginger paste,1,1,1,1,1,1,1,1,1,1,1,1,0,1,1
ginger powder,1,1,1,1,1,1,1,1,1,1,1,1,0,1,1
gingerbread,1,1,0,1,0,0,0,1,1,1,0,1,0,0,0
gnocchi,1,1,1,1,1,1,1,1,1,1,1,1,0,1,1
goat cheese,1,0,1,0,1,0,1,1,1,1,0,0,0,1,0
goat milk,1,0,1,0,1,0,1,1,1,1,0,1,0,1,1
golden raisins,1,1,1,1,1,1,1,1,1,1,1,1,0,1,1
goose fat,1,1,1,1,1,1,1,1,1,1,1,1,0,1,1
gooseberries,1,1,1,1,1,1,1,1,1,1,1,1,0,1,1
gorgonzola,1,1,1,1,1,1,1,1,1,1,1,1,0,1,1
gouda cheese,1,0,1,0,1,0,1,1,1,1,0,0,0,1,0
graham cracker crumbs,1,1,0,1,1,1,1,1,1,1,1,1,0,1,1
grain mustard,1,1,1,1,1,1,1,1,1,1,1,1,0,1,1
granola,1,1,1,1,1,1,1,1,1,1,1,1,0,1,1
grape juice,1,1,1,1,1,1,1,1,1,1,1,1,0,1,1
grape leaves,1,1,1,1,1,1,1,1,1,1,1,1,0,1,1
grape tomatoes,1,1,1,1,1,1,1,1,1,1,1,1,0,1,1
grapefruit juice,1,1,1,1,1,1,1,1,1,1,1,1,0,1,1
grapeseed oil,1,1,1,1,1,1,1,1,1,1,1,0,0,1,0
gravy,1,1,1,1,1,1,1,1,1,1,1,1,0,1,1
greek olives,1,1,1,1,1,1,1,1,1,1,1,1,0,1,1
green beans,1,1,1,1,1,1,1,1,1,1,1,1,0,1,1
green curry paste,1,1,1,1,1,1,1,1,1,1,1,1,0,1,1
green lentils,1,1,1,1,1,1,1,1,1,1,1,1,0,1,1
green olives,1,1,1,1,1,1,1,1,1,1,1,1,0,1,1
green onions,1,1,1,1,1,1,1,1,1,1,1,1,0,1,1
green peppercorns,1,1,1,1,0,0,0,1,1,1,0,1,0,0,0
green tea,1,1,1,1,1,1,1,1,1,1,1,1,0,1,1
greens,1,1,1,1,1,1,1,1,1,1,1,1,0,1,1
grits,1,1,1,1,1,1,1,1,1,1,1,1,0,1,1
ground almonds,1,1,1,1,1,1,1,1,1,1,1,1,0,1,1
ground beef,0,0,1,1,1,1,1,1,0,1,1,1,1,1,1
ground chicken,0,0,1,1,1,1,1,1,0,1,1,1,1,1,1
ground cinnamon,1,1,1,1,1,1,1,1,1,1,1,1,0,1,1
ground cloves,1,1,1,1,1,1,1,1,1,1,1,1,0,1,1
ground coriander,1,1,1,1,1,1,1,1,1,1,1,1,0,1,1
ground cumin,1,1,1,1,1,1,1,1,1,1,1,1,0,1,1
ground fennel,1,1,1,1,1,1,1,1,1,1,1,1,0,1,1
ground flaxseed,1,1,1,1,1,1,1,1,1,1,1,1,0,1,1
ground ginger,1,1,1,1,1,1,1,1,1,1,1,1,0,1,1
ground lamb,0,0,1,1,1,1,1,1,0,1,1,1,0,1,1
ground nutmeg,1,1,1,1,1,1,1,1,1,1,1,1,0,1,1
ground pork,0,0,1,1,1,1,1,1,0,1,1,1,1,1,1
ground turkey,0,0,1,1,1,1,1,1,0,1,1,1,1,1,1
gruyere,1,1,1,1,1,1,1,1,1,1,1,1,0,1,1
guanciale,1,1,1,1,1,1,1,1,1,1,1,1,0,1,1
guar gum,1,1,1,1,1,1,1,1,1,1,1,1,0,1,1
guava,1,1,1,1,1,1,1,1,1,1,1,1,0,1,1
guinea fowl,1,1,1,1,1,1,1,1,1,1,1,1,0,1,1
gumbo,1,1,1,1,1,1,1,1,1,1,1,1,0,1,1
haddock,1,1,1,1,1,1,1,1,1,1,1,1,0,1,1
half and half,1,1,1,1,1,1,1,1,1,1,1,1,0,1,1
halibut,1,1,1,1,1,1,1,1,1,1,1,1,0,1,1
ham bone,1,1,1,1,1,1,1,1,1,1,1,1,0,1,1
ham hock,1,1,1,1,1,1,1,1,1,1,1,1,0,1,1
hamburger buns,1,1,1,1,1,1,1,1,1,1,1,1,0,1,1
hard cheese,1,0,1,0,1,0,1,1,1,1,0,0,0,1,0
harissa,1,1,1,1,1,1,1,1,1,1,1,1,0,1,1
hash browns,1,1,1,1,1,1,1,1,1,1,1,1,0,1,1
hazelnut oil,1,1,1,1,1,1,1,1,1,1,1,0,0,1,0
hearts of palm,1,1,1,1,1,1,1,1,1,1,1,1,0,1,1
heavy cream,1,0,1,0,1,0,1,1,1,1,0,0,0,1,0
hemp seeds,1,1,1,1,1,1,1,1,1,1,1,1,0,1,1
herbed butter,1,0,1,0,1,0,1,1,1,1,0,0,0,1,0
herring,1,1,1,1,1,1,1,1,1,1,1,1,0,1,1
hoisin sauce,1,1,1,1,1,1,1,1,1,1,1,1,0,1,1
hollandaise sauce,1,1,1,1,1,1,1,1,1,1,1,1,0,1,1
hominy,1,1,1,1,1,1,1,1,1,1,1,1,0,1,1
honey,1,0,1,1,0,0,0,1,1,1,0,1,0,0,0
honey ham,1,0,1,1,0,0,0,1,1,1,0,1,0,0,0
honey mustard,1,0,1,1,0,0,0,1,1,1,0,1,0,0,0
honeydew melon,1,0,1,1,0,0,0,1,1,1,0,1,0,0,0
horseradish,1,1,1,1,1,1,1,1,1,1,1,1,0,1,1
hot chocolate,1,1,1,1,1,1,1,1,1,1,1,1,0,1,1
hot dogs,1,1,1,1,1,1,1,1,1,1,1,1,0,1,1
hot pepper sauce,1,1,1,1,1,1,1,1,1,1,1,1,0,1,1
hummus,1,1,1,1,1,1,1,1,1,1,1,1,0,1,1
hush puppies,1,1,1,1,1,1,1,1,1,1,1,1,0,1,1
ice cream,1,0,1,0,1,0,1,1,1,1,0,0,0,1,0
iced tea,1,1,1,1,1,1,1,1,1,1,1,1,0,1,1
iceberg lettuce,1,1,1,1,1,1,1,1,1,1,1,1,0,1,1
indian spices,1,1,1,1,1,1,1,1,1,1,1,1,0,1,1
instant coffee,1,1,1,1,1,1,1,1,1,1,1,1,0,1,1
instant pudding,1,1,1,1,1,1,1,1,1,1,1,1,0,1,1
irish cream,1,0,1,0,1,0,1,1,1,1,0,0,0,1,0
italian bread,1,1,0,1,0,0,0,1,1,1,0,1,0,0,0
italian seasoning,1,1,1,1,1,1,1,1,1,1,1,1,0,1,1
jackfruit,1,1,1,1,1,1,1,1,1,1,1,1,0,1,1
jalapeno,1,1,1,1,1,1,1,1,1,1,1,1,0,1,1
jasmine rice,1,1,1,1,0,0,0,1,1,1,0,1,0,0,0
jelly,1,1,1,1,1,1,1,1,1,1,1,1,0,1,1
jerky,1,1,1,1,1,1,1,1,1,1,1,1,0,1,1
jicama,1,1,1,1,1,1,1,1,1,1,1,1,0,1,1
juniper berries,1,1,1,1,1,1,1,1,1,1,1,1,0,1,1
kale chips,1,1,1,1,1,1,1,1,1,1,1,1,0,1,1
kalamata olives,1,1,1,1,1,1,1,1,1,1,1,1,0,1,1
kamut,1,1,1,1,1,1,1,1,1,1,1,1,0,1,1
ketchup,1,1,1,1,1,1,1,1,1,1,1,1,0,1,1
kidney beans,1,1,1,1,1,1,1,1,1,1,1,1,0,1,1
kimchi,1,1,1,1,1,1,1,1,1,1,1,1,0,1,1
kiwi fruit,1,1,1,1,1,1,1,1,1,1,1,1,0,1,1
kohlrabi,1,1,1,1,1,1,1,1,1,1,1,1,0,1,1
kosher salt,1,1,1,1,1,1,1,1,1,1,1,1,0,1,1
kumquats,1,1,1,1,1,1,1,1,1,1,1,1,0,1,1
ladyfingers,1,1,1,1,1,1,1,1,1,1,1,1,0,1,1
lamb shoulder,0,0,1,1,1,1,1,1,0,1,1,1,0,1,1
lamb stew,0,0,1,1,1,1,1,1,0,1,1,1,0,1,1
lard,1,1,1,1,1,1,1,1,1,1,1,1,0,1,1
lasagna,1,1,1,1,1,1,1,1,1,1,1,1,0,1,1
lavender,1,1,1,1,1,1,1,1,1,1,1,1,0,1,1
leek soup,1,1,1,1,1,1,1,1,1,1,1,1,0,1,1
lemon balm,1,1,1,1,1,1,1,1,1,1,1,1,0,1,1
lemon curd,1,1,1,1,1,1,1,1,1,1,1,1,0,1,1
lemon extract,1,1,1,1,1,1,1,1,1,1,1,1,0,1,1
lemon grass,1,1,1,1,1,1,1,1,1,1,1,1,0,1,1
lemon pepper,1,1,1,1,1,1,1,1,1,1,1,1,0,1,1
lemon verbena,1,1,1,1,1,1,1,1,1,1,1,1,0,1,1
lemonade,1,1,1,1,1,1,1,1,1,1,1,1,0,1,1
lentil soup,1,1,1,1,1,1,1,1,1,1,1,1,0,1,1
lettuce,1,1,1,1,1,1,1,1,1,1,1,1,0,1,1
licorice,1,1,1,1,0,0,0,1,1,1,0,1,0,0,0
light corn syrup,1,1,1,1,0,0,0,1,1,1,0,1,0,0,0
light cream,1,0,1,0,1,0,1,1,1,1,0,0,0,1,0
light soy sauce,1,1,1,1,1,1,1,1,1,1,1,1,0,1,1
lima beans,1,1,1,1,1,1,1,1,1,1,1,1,0,1,1
lime leaves,1,1,1,1,1,1,1,1,1,1,1,1,0,1,1
lime pickle,1,1,1,1,1,1,1,1,1,1,1,1,0,1,1
lingonberries,1,1,1,1,1,1,1,1,1,1,1,1,0,1,1
linguine,1,1,1,1,1,1,1,1,1,1,1,1,0,1,1
liquid aminos,1,1,1,1,1,1,1,1,1,1,1,1,0,1,1
liquid smoke,1,1,1,1,1,1,1,1,1,1,1,1,0,1,1
lobster bisque,1,1,1,1,1,1,1,1,1,1,1,1,0,1,1
lobster roll,1,1,1,1,1,1,1,1,1,1,1,1,0,1,1
long beans,1,1,1,1,1,1,1,1,1,1,1,1,0,1,1
lox,1,1,1,1,1,1,1,1,1,1,1,1,0,1,1
lychee,1,1,1,1,1,1,1,1,1,1,1,1,0,1,1
macadamia nuts,1,1,1,1,1,1,1,1,1,1,1,1,0,1,1
macaroni,1,1,1,1,1,1,1,1,1,1,1,1,0,1,1
mace,1,1,1,1,1,1,1,1,1,1,1,1,0,1,1
madeira wine,1,1,1,1,1,1,1,1,1,1,1,1,0,1,1
mahi mahi,1,1,1,1,1,1,1,1,1,1,1,1,0,1,1
malt extract,1,1,0,1,1,1,1,1,1,1,1,1,0,1,1
malt vinegar,1,1,0,1,1,1,1,1,1,1,1,1,0,1,1
manchego cheese,1,0,1,0,1,0,1,1,1,1,0,0,0,1,0
mandarin oranges,1,1,1,1,1,1,1,1,1,1,1,1,0,1,1
mango chutney,1,1,1,1,1,1,1,1,1,1,1,1,0,1,1
mango puree,1,1,1,1,1,1,1,1,1,1,1,1,0,1,1
maraschino cherries,1,1,1,1,1,1,1,1,1,1,1,1,0,1,1
margarine,1,1,1,1,1,1,1,1,1,1,1,1,0,1,1
marjoram,1,1,1,1,1,1,1,1,1,1,1,1,0,1,1
marsala wine,1,1,1,1,1,1,1,1,1,1,1,1,0,1,1
marzipan,1,1,1,1,1,1,1,1,1,1,1,1,0,1,1
mascarpone,1,1,1,1,1,1,1,1,1,1,1,1,0,1,1
matcha,1,1,1,1,1,1,1,1,1,1,1,1,0,1,1
mayonnaise,1,1,1,1,1,1,1,1,1,1,1,1,0,1,1
meat sauce,1,1,1,1,1,1,1,1,1,1,1,1,0,1,1
meatloaf,1,1,1,1,1,1,1,1,1,1,1,1,0,1,1
melon,1,1,1,1,1,1,1,1,1,1,1,1,0,1,1
meringue,1,1,1,1,1,1,1,1,1,1,1,1,0,1,1
mesclun,1,1,1,1,1,1,1,1,1,1,1,1,0,1,1
milk chocolate,1,0,1,0,1,0,1,1,1,1,0,1,0,1,1
milk powder,1,0,1,0,1,0,1,1,1,1,0,1,0,1,1
millet,1,1,1,1,1,1,1,1,1,1,1,1,0,1,1
mincemeat,1,1,1,1,1,1,1,1,1,1,1,1,0,1,1
mineral water,1,1,1,1,1,1,1,1,1,1,1,1,0,1,1
mint extract,1,1,1,1,1,1,1,1,1,1,1,1,0,1,1
mint jelly,1,1,1,1,1,1,1,1,1,1,1,1,0,1,1
mirin,1,1,1,1,1,1,1,1,1,1,1,1,0,1,1
miso paste,1,1,1,1,1,1,1,1,1,1,1,1,0,1,1
mixed berries,1,1,1,1,1,1,1,1,1,1,1,1,0,1,1
mixed greens,1,1,1,1,1,1,1,1,1,1,1,1,0,1,1
mixed nuts,1,1,1,1,1,1,1,1,1,1,1,1,0,1,1
mixed vegetables,1,1,1,1,1,1,1,1,1,1,1,1,0,1,1
mochi,1,1,1,1,1,1,1,1,1,1,1,1,0,1,1
molasses,1,1,1,1,1,1,1,1,1,1,1,1,0,1,1
monkfish,1,1,1,1,1,1,1,1,1,1,1,1,1,1,1
monterey jack,1,1,1,1,1,1,1,1,1,1,1,1,0,1,1
morel mushrooms,1,1,1,1,1,1,1,1,1,1,1,1,0,1,1
mortadella,1,1,1,1,1,1,1,1,1,1,1,1,0,1,1
mozzarella balls,1,1,1,1,1,1,1,1,1,1,1,1,0,1,1
mulberries,1,1,1,1,1,1,1,1,1,1,1,1,0,1,1
mung beans,1,1,1,1,1,1,1,1,1,1,1,1,0,1,1
mushroom broth,1,1,1,1,1,1,1,1,1,1,1,1,0,1,1
mushroom powder,1,1,1,1,1,1,1,1,1,1,1,1,0,1,1
mussels,1,1,1,1,1,1,1,1,1,1,1,1,0,1,1
mustard greens,1,1,1,1,1,1,1,1,1,1,1,1,0,1,1
mustard oil,1,1,1,1,1,1,1,1,1,1,1,0,0,1,0
mustard powder,1,1,1,1,1,1,1,1,1,1,1,1,0,1,1
mustard seed,1,1,1,1,1,1,1,1,1,1,1,1,0,1,1
mutton,1,1,1,1,1,1,1,1,1,1,1,1,0,1,1
naan bread,1,1,0,1,0,0,0,1,1,1,0,1,0,0,0
napa cabbage,1,1,1,1,1,1,1,1,1,1,1,1,0,1,1
navy beans,1,1,1,1,1,1,1,1,1,1,1,1,0,1,1
nectarine,1,1,1,1,1,1,1,1,1,1,1,1,0,1,1
noodle soup,1,1,1,1,1,1,1,1,1,1,1,1,0,1,1
nori,1,1,1,1,1,1,1,1,1,1,1,1,0,1,1
nutella,1,1,1,1,1,1,1,1,1,1,1,1,0,1,1
nutritional yeast,1,1,1,1,1,1,1,1,1,1,1,1,0,1,1
oat flour,1,1,0,1,1,1,1,1,1,1,1,1,0,1,1
oat milk,1,0,1,0,1,0,1,1,1,1,0,1,0,1,1
oats,1,1,1,1,1,1,1,1,1,1,1,1,0,1,1
oleo,1,1,1,1,1,1,1,1,1,1,1,1,0,1,1
octopus,1,1,1,1,1,1,1,1,1,1,1,1,0,1,1
okra,1,1,1,1,1,1,1,1,1,1,1,1,0,1,1
olive paste,1,1,1,1,1,1,1,1,1,1,1,1,0,1,1
olive tapenade,1,1,1,1,1,1,1,1,1,1,1,1,0,1,1
onion flakes,1,1,1,1,1,1,1,1,1,1,1,1,0,1,1
onion salt,1,1,1,1,1,1,1,1,1,1,1,1,0,1,1
onion soup mix,1,1,1,1,1,1,1,1,1,1,1,1,0,1,1
oolong tea,1,1,1,1,1,1,1,1,1,1,1,1,0,1,1
orange blossom water,1,1,1,1,1,1,1,1,1,1,1,1,0,1,1
orange extract,1,1,1,1,1,1,1,1,1,1,1,1,0,1,1
orange juice,1,1,1,1,1,1,1,1,1,1,1,1,0,1,1
orange liqueur,1,1,1,1,1,1,1,1,1,1,1,1,0,1,1
orange marmalade,1,1,1,1,1,1,1,1,1,1,1,1,0,1,1
orange zest,1,1,1,1,1,1,1,1,1,1,1,1,0,1,1
oreo cookies,1,1,1,1,1,1,1,1,1,1,1,1,0,1,1
orzo,1,1,1,1,1,1,1,1,1,1,1,1,0,1,1
oyster mushrooms,1,1,1,1,1,1,1,1,1,1,1,1,0,1,1
oyster sauce,1,1,1,1,1,1,1,1,1,1,1,1,0,1,1
paella rice,1,1,1,1,0,0,0,1,1,1,0,1,0,0,0
palm hearts,1,1,1,1,1,1,1,1,1,1,1,1,0,1,1
palm oil,1,1,1,1,1,1,1,1,1,1,1,0,0,1,0
palm sugar,1,1,1,1,0,0,0,1,1,1,0,1,0,0,0
pancake syrup,1,1,1,1,1,1,1,1,1,1,1,1,0,1,1
pancetta,1,1,1,1,1,1,1,1,1,1,1,1,0,1,1
paneer,1,1,1,1,1,1,1,1,1,1,1,1,0,1,1
panko breadcrumbs,1,1,0,1,0,0,0,1,1,1,0,1,0,0,0
papaya,1,1,1,1,1,1,1,1,1,1,1,1,0,1,1
paprika,1,1,1,1,1,1,1,1,1,1,1,1,0,1,1
parchment paper,1,1,1,1,1,1,1,1,1,1,1,1,0,1,1
parmesan rind,1,1,1,1,1,1,1,1,1,1,1,1,0,1,1
parsley,1,1,1,1,1,1,1,1,1,1,1,1,0,1,1
parsnip,1,1,1,1,1,1,1,1,1,1,1,1,0,1,1
passion fruit,1,1,1,1,1,1,1,1,1,1,1,1,0,1,1
pasta shells,1,1,0,1,0,0,0,1,1,1,0,1,0,0,0
pasta water,1,1,0,1,0,0,0,1,1,1,0,1,0,0,0
pastry cream,1,0,1,0,1,0,1,1,1,1,0,0,0,1,0
pastry flour,1,1,0,1,1,1,1,1,1,1,1,1,0,1,1
pate,1,1,1,1,1,1,1,1,1,1,1,1,0,1,1
peach schnapps,1,1,1,1,1,1,1,1,1,1,1,1,0,1,1
peanut sauce,1,1,1,1,1,1,1,1,1,1,1,1,0,1,1
pear brandy,1,1,1,1,1,1,1,1,1,1,1,1,0,1,1
pear cider,1,1,1,1,1,1,1,1,1,1,1,1,0,1,1
peas,1,1,1,1,1,1,1,1,1,1,1,1,0,1,1
pecan pie,1,1,1,1,1,1,1,1,1,1,1,1,0,1,1
pecorino cheese,1,0,1,0,1,0,1,1,1,1,0,0,0,1,0
peppermint extract,1,1,1,1,1,1,1,1,1,1,1,1,0,1,1
peppermint oil,1,1,1,1,1,1,1,1,1,1,1,0,0,1,0
pepperoni,1,1,1,1,1,1,1,1,1,1,1,1,0,1,1
persimmon,1,1,1,1,1,1,1,1,1,1,1,1,0,1,1
pesto,1,1,1,1,1,1,1,1,1,1,1,1,0,1,1
phyllo,1,1,1,1,1,1,1,1,1,1,1,1,0,1,1
pickles,1,1,1,1,1,1,1,1,1,1,1,1,0,1,1
pie weights,1,1,1,1,1,1,1,1,1,1,1,1,0,1,1
pimento,1,1,1,1,1,1,1,1,1,1,1,1,0,1,1
pineapple chunks,1,1,1,1,1,1,1,1,1,1,1,1,0,1,1
pineapple rings,1,1,1,1,1,1,1,1,1,1,1,1,0,1,1
pink peppercorns,1,1,1,1,0,0,0,1,1,1,0,1,0,0,0
pistachio paste,1,1,1,1,1,1,1,1,1,1,1,1,0,1,1
pita bread,1,1,0,1,0,0,0,1,1,1,0,1,0,0,0
pizza cheese,1,0,1,0,1,0,1,1,1,1,0,0,0,1,0
plantains,1,1,1,1,1,1,1,1,1,1,1,1,0,1,1
plum sauce,1,1,1,1,1,1,1,1,1,1,1,1,0,1,1
plum tomatoes,1,1,1,1,1,1,1,1,1,1,1,1,0,1,1
poblano peppers,1,1,1,1,1,1,1,1,1,1,1,1,0,1,1
polenta,1,1,1,1,1,1,1,1,1,1,1,1,0,1,1
pomegranate juice,1,1,1,1,1,1,1,1,1,1,1,1,0,1,1
pomegranate molasses,1,1,1,1,1,1,1,1,1,1,1,1,0,1,1
pomegranate seeds,1,1,1,1,1,1,1,1,1,1,1,1,0,1,1
poppy seed,1,1,1,1,1,1,1,1,1,1,1,1,0,1,1
pork belly,0,0,1,1,1,1,1,1,0,1,1,1,1,1,1
pork chops,0,0,1,1,1,1,1,1,0,1,1,1,1,1,1
pork rinds,0,0,1,1,1,1,1,1,0,1,1,1,1,1,1
pork shoulder,0,0,1,1,1,1,1,1,0,1,1,1,1,1,1
pork tenderloin,0,0,1,1,1,1,1,1,0,1,1,1,1,1,1
portobello mushrooms,1,1,1,1,1,1,1,1,1,1,1,1,0,1,1
potato flour,1,1,0,1,0,0,0,1,1,1,0,1,0,0,0
potato starch,1,1,1,1,0,0,0,1,1,1,0,1,0,0,0
poultry,1,1,1,1,1,1,1,1,1,1,1,1,0,1,1
powdered milk,1,0,1,0,1,0,1,1,1,1,0,1,0,1,1
powdered sugar,1,1,1,1,0,0,0,1,1,1,0,1,0,0,0
pretzels,1,1,1,1,1,1,1,1,1,1,1,1,0,1,1
prickly pear,1,1,1,1,1,1,1,1,1,1,1,1,0,1,1
prime rib,1,1,1,1,1,1,1,1,1,1,1,1,0,1,1
prosciutto,1,1,1,1,1,1,1,1,1,1,1,1,0,1,1
pudding mix,1,1,1,1,1,1,1,1,1,1,1,1,0,1,1
puff pastry,1,1,1,1,1,1,1,1,1,1,1,1,0,1,1
pumpkin puree,1,1,1,1,1,1,1,1,1,1,1,1,0,1,1
pumpkin seeds,1,1,1,1,1,1,1,1,1,1,1,1,0,1,1
purple cabbage,1,1,1,1,1,1,1,1,1,1,1,1,0,1,1
purple onion,1,1,1,1,1,1,1,1,1,1,1,1,0,1,1
quail eggs,1,0,1,1,1,1,1,1,1,1,1,1,1,1,1
queso fresco,1,1,1,1,1,1,1,1,1,1,1,1,0,1,1
quick oats,1,1,1,1,1,1,1,1,1,1,1,1,0,1,1
quince,1,1,1,1,1,1,1,1,1,1,1,1,0,1,1
rabbit,1,1,1,1,1,1,1,1,1,1,1,1,0,1,1
radicchio,1,1,1,1,1,1,1,1,1,1,1,1,0,1,1
radish sprouts,1,1,1,1,1,1,1,1,1,1,1,1,0,1,1
rainbow trout,1,1,1,1,1,1,1,1,1,1,1,1,0,1,1
raisins,1,1,1,1,1,1,1,1,1,1,1,1,0,1,1
ranch dressing,1,1,1,1,1,1,1,1,1,1,1,1,0,1,1
rapini,1,1,1,1,1,1,1,1,1,1,1,1,0,1,1
raspberry puree,1,1,1,1,1,1,1,1,1,1,1,1,0,1,1
raspberry vinegar,1,1,1,1,1,1,1,1,1,1,1,1,0,1,1
raw honey,1,0,1,1,0,0,0,1,1,1,0,1,0,0,0
raw milk,1,0,1,0,1,0,1,1,1,1,0,1,0,1,1
red bell pepper,1,1,1,1,1,1,1,1,1,1,1,1,0,1,1
red curry paste,1,1,1,1,1,1,1,1,1,1,1,1,0,1,1
red lentils,1,1,1,1,1,1,1,1,1,1,1,1,0,1,1
red miso,1,1,1,1,1,1,1,1,1,1,1,1,0,1,1
red pepper flakes,1,1,1,1,1,1,1,1,1,1,1,1,0,1,1
red snapper,1,1,1,1,1,1,1,1,1,1,1,1,0,1,1
red wine,1,1,1,1,1,1,1,1,1,1,1,1,0,1,1
red wine vinegar,1,1,1,1,1,1,1,1,1,1,1,1,0,1,1
refried beans,1,1,1,1,1,1,1,1,1,0,1,1,0,1,1
relish,1,1,1,1,1,1,1,1,1,1,1,1,0,1,1
rhubarb,1,1,1,1,1,1,1,1,1,1,1,1,0,1,1
rib roast,1,1,1,1,1,1,1,1,1,1,1,1,0,1,1
rice cakes,1,1,1,1,0,0,0,1,1,1,0,1,0,0,0
rice flour,1,1,0,1,0,0,0,1,1,1,0,1,0,0,0
rice milk,1,0,1,0,0,0,0,1,1,1,0,1,0,0,0
rice noodles,1,1,1,1,0,0,0,1,1,1,0,1,0,0,0
rice paper,1,1,1,1,0,0,0,1,1,1,0,1,0,0,0
rice syrup,1,1,1,1,0,0,0,1,1,1,0,1,0,0,0
rice wine,1,1,1,1,0,0,0,1,1,1,0,1,0,0,0
ricotta salata,1,1,1,1,1,1,1,1,1,1,1,1,0,1,1
risotto rice,1,1,1,1,0,0,0,1,1,1,0,1,0,0,0
roasted peppers,1,1,1,1,1,1,1,1,1,0,1,1,0,1,1
roasted red pepper,1,1,1,1,1,1,1,1,1,0,1,1,0,1,1
rock candy,1,1,1,1,1,1,1,1,1,1,1,1,0,1,1
rock shrimp,1,1,1,1,1,1,1,1,1,1,1,1,1,1,1
rolled oats,1,1,1,1,1,1,1,1,1,1,1,1,0,1,1
romaine,1,1,1,1,1,1,1,1,1,1,1,1,0,1,1
root vegetables,1,1,1,1,1,1,1,1,1,1,1,1,0,1,1
rose water,1,1,1,1,1,1,1,1,1,1,1,1,0,1,1
rosemary,1,1,1,1,1,1,1,1,1,1,1,1,0,1,1
rotisserie chicken,0,0,1,1,1,1,1,1,0,1,1,1,1,1,1
round steak,1,1,1,1,1,1,1,1,1,1,1,1,0,1,1
rum extract,1,1,1,1,1,1,1,1,1,1,1,1,0,1,1
russet potatoes,1,1,1,1,0,0,0,1,1,1,0,1,0,0,0
rutabaga,1,1,1,1,1,1,1,1,1,1,1,1,0,1,1
rye,1,1,0,1,1,1,1,1,1,1,1,1,0,1,1
saffron threads,1,1,1,1,1,1,1,1,1,1,1,1,0,1,1
sake,1,1,1,1,1,1,1,1,1,1,1,1,0,1,1
salad greens,1,1,1,1,1,1,1,1,1,1,1,1,0,1,1
salmon roe,1,1,1,1,1,1,1,1,1,1,1,1,0,1,1
salsa verde,1,1,1,1,1,1,1,1,1,1,1,1,0,1,1
salt cod,1,1,1,1,1,1,1,1,1,1,1,1,0,1,1
salt pork,0,0,1,1,1,1,1,1,0,1,1,1,1,1,1
sambal oelek,1,1,1,1,1,1,1,1,1,1,1,1,0,1,1
sardines,1,1,1,1,1,1,1,1,1,1,1,1,0,1,1
sauerkraut,1,1,1,1,1,1,1,1,1,1,1,1,0,1,1
savory,1,1,1,1,1,1,1,1,1,1,1,1,0,1,1
scallion,1,1,1,1,1,1,1,1,1,1,1,1,0,1,1
scallops,1,1,1,1,1,1,1,1,1,1,1,1,0,1,1
scotch bonnet peppers,1,1,1,1,1,1,1,1,1,1,1,1,0,1,1
sea bass,1,1,1,1,1,1,1,1,1,1,1,1,0,1,1
sea salt,1,1,1,1,1,1,1,1,1,1,1,1,0,1,1
sea scallops,1,1,1,1,1,1,1,1,1,1,1,1,0,1,1
seasoning blend,1,1,1,1,1,1,1,1,1,1,1,1,0,1,1
seaweed salad,1,1,1,1,1,1,1,1,1,1,1,1,0,1,1
semolina flour,1,1,0,1,1,1,1,1,1,1,1,1,0,1,1
serrano ham,1,1,1,1,1,1,1,1,1,1,1,1,0,1,1
serrano peppers,1,1,1,1,1,1,1,1,1,1,1,1,0,1,1
sesame paste,1,1,1,1,1,1,1,1,1,1,1,1,0,1,1
sesame seeds,1,1,1,1,1,1,1,1,1,1,1,1,0,1,1
shallot,1,1,1,1,1,1,1,1,1,1,1,1,0,1,1
sheep milk,1,0,1,0,1,0,1,1,1,1,0,1,0,1,1
shell beans,1,1,1,1,1,1,1,1,1,1,1,1,0,1,1
shellfish stock,1,1,1,1,1,1,1,1,1,1,1,1,1,1,1
shiitake,1,1,1,1,1,1,1,1,1,1,1,1,0,1,1
short ribs,1,1,1,1,1,1,1,1,1,1,1,1,0,1,1
shredded coconut,1,1,1,1,1,1,1,1,1,1,1,1,0,1,1
shrimp paste,1,1,1,1,1,1,1,1,1,1,1,1,1,1,1
shrimp stock,1,1,1,1,1,1,1,1,1,1,1,1,1,1,1
silken tofu,1,1,1,1,1,1,1,1,1,1,1,1,1,1,1
simple syrup,1,1,1,1,1,1,1,1,1,1,1,1,0,1,1
skirt steak,1,1,1,1,1,1,1,1,1,1,1,1,0,1,1
smoked fish,1,1,1,1,1,1,1,1,1,1,1,1,1,1,1
smoked ham,1,1,1,1,1,1,1,1,1,1,1,1,0,1,1
smoked paprika,1,1,1,1,1,1,1,1,1,1,1,1,0,1,1
smoked salmon,1,1,1,1,1,1,1,1,1,1,1,1,0,1,1
smoked turkey,0,0,1,1,1,1,1,1,0,1,1,1,1,1,1
snapper,1,1,1,1,1,1,1,1,1,1,1,1,0,1,1
snow crab,1,1,1,1,1,1,1,1,1,1,1,1,1,1,1
soba noodles,1,1,1,1,1,1,1,1,1,1,1,1,0,1,1
soft cheese,1,0,1,0,1,0,1,1,1,1,0,0,0,1,0
sole,1,1,1,1,1,1,1,1,1,1,1,1,0,1,1
sorghum,1,1,1,1,1,1,1,1,1,1,1,1,0,1,1
sorrel,1,1,1,1,1,1,1,1,1,1,1,1,0,1,1
soup bones,1,1,1,1,1,1,1,1,1,1,1,1,0,1,1
soup mix,1,1,1,1,1,1,1,1,1,1,1,1,0,1,1
sour cherries,1,1,1,1,1,1,1,1,1,1,1,1,0,1,1
sour cream,1,0,1,0,1,0,1,1,1,1,0,0,0,1,0
sour milk,1,0,1,0,1,0,1,1,1,1,0,1,0,1,1
sourdough starter,1,1,1,1,1,1,1,1,1,1,1,1,0,1,1
soy flour,1,1,0,1,1,1,1,1,1,1,1,1,0,1,1
soy milk,1,0,1,0,1,0,1,1,1,1,0,1,0,1,1
soy protein,1,1,1,1,1,1,1,1,1,1,1,1,0,1,1
soy sauce,1,1,1,1,1,1,1,1,1,1,1,1,0,1,1
soybean oil,1,1,1,1,1,1,1,1,1,1,1,0,0,1,0
soybeans,1,1,1,1,1,1,1,1,1,1,1,1,0,1,1
spaghetti squash,1,1,1,1,1,1,1,1,1,1,1,1,0,1,1
spanish onion,1,1,1,1,1,1,1,1,1,1,1,1,0,1,1
sparkling water,1,1,1,1,1,1,1,1,1,1,1,1,0,1,1
spelt flour,1,1,0,1,1,1,1,1,1,1,1,1,0,1,1
spice blend,1,1,1,1,1,1,1,1,1,1,1,1,0,1,1
spice rub,1,1,1,1,1,1,1,1,1,1,1,1,0,1,1
spinach,1,1,1,1,1,1,1,1,1,1,1,1,0,1,1
split pea soup,1,1,1,1,1,1,1,1,1,1,1,1,0,1,1
spring mix,1,1,1,1,1,1,1,1,1,1,1,1,0,1,1
spring onions,1,1,1,1,1,1,1,1,1,1,1,1,0,1,1
sprouted beans,1,1,1,1,1,1,1,1,1,1,1,1,0,1,1
squash blossoms,1,1,1,1,1,1,1,1,1,1,1,1,0,1,1
squid ink,1,1,1,1,1,1,1,1,1,1,1,1,0,1,1
star anise,1,1,1,1,1,1,1,1,1,1,1,1,0,1,1
star fruit,1,1,1,1,1,1,1,1,1,1,1,1,0,1,1
steak,1,1,1,1,1,1,1,1,1,1,1,1,0,1,1
steel cut oats,1,1,1,1,1,1,1,1,1,1,1,1,0,1,1
stew,1,1,1,1,1,1,1,1,1,1,1,1,0,1,1
stilton cheese,1,0,1,0,1,0,1,1,1,1,0,0,0,1,0
stir fry,1,1,1,1,1,1,1,1,1,1,1,1,0,1,1
stock,1,1,1,1,1,1,1,1,1,1,1,1,0,1,1
stone fruit,1,1,1,1,1,1,1,1,1,1,1,1,0,1,1
strawberry preserves,1,1,1,1,1,1,1,1,1,1,1,1,0,1,1
string beans,1,1,1,1,1,1,1,1,1,1,1,1,0,1,1
strip steak,1,1,1,1,1,1,1,1,1,1,1,1,0,1,1
stuffing mix,1,1,1,1,1,1,1,1,1,1,1,1,0,1,1
sugar substitute,1,1,1,1,0,0,0,1,1,1,0,1,0,0,0
summer sausage,1,1,1,1,1,1,1,1,1,1,1,1,0,1,1
sun dried tomatoes,1,1,1,1,1,1,1,1,1,1,1,1,0,1,1
sunflower butter,1,0,1,0,1,0,1,1,1,1,0,0,0,1,0
sunflower oil,1,1,1,1,1,1,1,1,1,1,1,0,0,1,0
sweet chili sauce,1,1,1,1,1,1,1,1,1,1,1,1,0,1,1
sweet cream,1,0,1,0,1,0,1,1,1,1,0,0,0,1,0
sweet paprika,1,1,1,1,1,1,1,1,1,1,1,1,0,1,1
sweet potato,1,1,1,1,0,0,0,1,1,1,0,1,0,0,0
sweet vermouth,1,1,1,1,1,1,1,1,1,1,1,1,0,1,1
swiss chard,1,1,1,1,1,1,1,1,1,1,1,1,0,1,1
taco seasoning,1,1,1,1,1,1,1,1,1,1,1,1,0,1,1
tahini,1,1,1,1,1,1,1,1,1,1,1,1,0,1,1
tamarind paste,1,1,1,1,1,1,1,1,1,1,1,1,0,1,1
tangerine,1,1,1,1,1,1,1,1,1,1,1,1,0,1,1
tapioca flour,1,1,0,1,1,1,1,1,1,1,1,1,0,1,1
tapioca pearls,1,1,1,1,1,1,1,1,1,1,1,1,0,1,1
taro root,1,1,1,1,1,1,1,1,1,1,1,1,0,1,1
tarragon,1,1,1,1,1,1,1,1,1,1,1,1,0,1,1
tea leaves,1,1,1,1,1,1,1,1,1,1,1,1,0,1,1
tempeh,1,1,1,1,1,1,1,1,1,1,1,1,0,1,1
tenderloin,1,1,1,1,1,1,1,1,1,1,1,1,0,1,1
tequila,1,1,1,1,1,1,1,1,1,1,1,1,0,1,1
thai basil,1,1,1,1,1,1,1,1,1,1,1,1,0,1,1
thai chili,1,1,1,1,1,1,1,1,1,1,1,1,0,1,1
thai curry paste,1,1,1,1,1,1,1,1,1,1,1,1,0,1,1
thyme,1,1,1,1,1,1,1,1,1,1,1,1,0,1,1
tiger prawns,1,1,1,1,1,1,1,1,1,1,1,1,0,1,1
tilapia,1,1,1,1,1,1,1,1,1,1,1,1,0,1,1
toasted sesame oil,1,1,1,1,1,1,1,1,1,1,1,0,0,1,0
toffee,1,1,1,1,1,1,1,1,1,1,1,1,0,1,1
tofu,1,1,1,1,1,1,1,1,1,1,1,1,1,1,1
tomatillo,1,1,1,1,1,1,1,1,1,1,1,1,0,1,1
tomato concasse,1,1,1,1,1,1,1,1,1,1,1,1,0,1,1
tomato paste,1,1,1,1,1,1,1,1,1,1,1,1,0,1,1
tomato powder,1,1,1,1,1,1,1,1,1,1,1,1,0,1,1
tomato sauce,1,1,1,1,1,1,1,1,1,1,1,1,0,1,1
tomato soup,1,1,1,1,1,1,1,1,1,1,1,1,0,1,1
tongue,1,1,1,1,1,1,1,1,1,1,1,1,0,1,1
tortilla,1,1,1,1,1,1,1,1,1,1,1,1,0,1,1
truffle,1,1,1,1,1,1,1,1,1,1,1,1,0,1,1
tuna,1,1,1,1,1,1,1,1,1,1,1,1,0,1,1
turbinado sugar,1,1,1,1,0,0,0,1,1,1,0,1,0,0,0
turkey bacon,0,0,1,1,1,1,1,1,0,1,1,0,1,1,0
turkey breast,0,0,1,1,1,1,1,1,0,1,1,1,1,1,1
turkey leg,0,0,1,1,1,1,1,1,0,1,1,1,1,1,1
turkey sausage,0,0,1,1,1,1,1,1,0,1,1,1,1,1,1
turmeric,1,1,1,1,1,1,1,1,1,1,1,1,0,1,1
turnip greens,1,1,1,1,1,1,1,1,1,1,1,1,0,1,1
udon noodles,1,1,1,1,1,1,1,1,1,1,1,1,0,1,1
unbleached flour,1,1,0,1,1,1,1,1,1,1,1,1,0,1,1
vanilla bean,1,1,1,1,1,1,1,1,1,1,1,1,0,1,1
vanilla extract,1,1,1,1,1,1,1,1,1,1,1,1,0,1,1
vanilla paste,1,1,1,1,1,1,1,1,1,1,1,1,0,1,1
veal stock,1,1,1,1,1,1,1,1,1,1,1,1,0,1,1
vegetable broth,1,1,1,1,1,1,1,1,1,1,1,1,0,1,1
vegetable shortening,1,1,1,1,1,1,1,1,1,1,1,1,0,1,1
vegetarian sausage,1,1,1,1,1,1,1,1,1,1,1,1,0,1,1
venison,1,1,1,1,1,1,1,1,1,1,1,1,0,1,1
verjuice,1,1,1,1,1,1,1,1,1,1,1,1,0,1,1
vermicelli,1,1,1,1,1,1,1,1,1,1,1,1,0,1,1
vermouth,1,1,1,1,1,1,1,1,1,1,1,1,0,1,1
vidalia onion,1,1,1,1,1,1,1,1,1,1,1,1,0,1,1
vinaigrette,1,1,1,1,1,1,1,1,1,1,1,1,0,1,1
vine leaves,1,1,1,1,1,1,1,1,1,1,1,1,0,1,1
violet,1,1,1,1,1,1,1,1,1,1,1,1,0,1,1
vodka,1,1,1,1,1,1,1,1,1,1,1,1,0,1,1
wakame,1,1,1,1,1,1,1,1,1,1,1,1,0,1,1
walnut oil,1,1,1,1,1,1,1,1,1,1,1,0,0,1,0
wasabi paste,1,1,1,1,1,1,1,1,1,1,1,1,0,1,1
water chestnuts,1,1,1,1,1,1,1,1,1,1,1,1,0,1,1
watermelon,1,1,1,1,1,1,1,1,1,1,1,1,0,1,1
wheat berries,1,1,0,1,1,1,1,1,1,1,1,1,0,1,1
wheat bran,1,1,0,1,1,1,1,1,1,1,1,1,0,1,1
wheat germ,1,1,0,1,1,1,1,1,1,1,1,1,0,1,1
whey protein,1,1,1,1,1,1,1,1,1,1,1,1,0,1,1
whiskey,1,1,1,1,1,1,1,1,1,1,1,1,0,1,1
white beans,1,1,1,1,1,1,1,1,1,1,1,1,0,1,1
white chocolate chips,1,1,1,1,1,1,1,1,1,1,1,1,0,1,1
white miso,1,1,1,1,1,1,1,1,1,1,1,1,0,1,1
white pepper,1,1,1,1,1,1,1,1,1,1,1,1,0,1,1
white sauce,1,1,1,1,1,1,1,1,1,1,1,1,0,1,1
white sugar,1,1,1,1,0,0,0,1,1,1,0,1,0,0,0
white truffle oil,1,1,1,1,1,1,1,1,1,1,1,0,0,1,0
white wine,1,1,1,1,1,1,1,1,1,1,1,1,0,1,1
whole grain mustard,1,1,1,1,1,1,1,1,1,1,1,1,0,1,1
whole wheat pastry flour,1,1,0,1,1,1,1,1,1,1,1,1,0,1,1
wild mushrooms,1,1,1,1,1,1,1,1,1,1,1,1,0,1,1
wild salmon,1,1,1,1,1,1,1,1,1,1,1,1,0,1,1
wine,1,1,1,1,1,1,1,1,1,1,1,1,0,1,1
won ton wrappers,1,1,1,1,1,1,1,1,1,1,1,1,0,1,1
wood ear mushrooms,1,1,1,1,1,1,1,1,1,1,1,1,0,1,1
worcestershire,1,1,1,1,1,1,1,1,1,1,1,1,0,1,1
xanthan gum,1,1,1,1,1,1,1,1,1,1,1,1,0,1,1
yam,1,1,1,1,1,1,1,1,1,1,1,1,0,1,1
yellow bell pepper,1,1,1,1,1,1,1,1,1,1,1,1,0,1,1
yellow onion,1,1,1,1,1,1,1,1,1,1,1,1,0,1,1
yellow split peas,1,1,1,1,1,1,1,1,1,1,1,1,0,1,1
yogurt,1,0,1,0,1,0,1,1,1,1,0,1,0,1,1
young coconut,1,1,1,1,1,1,1,1,1,1,1,1,0,1,1
yuzu,1,1,1,1,1,1,1,1,1,1,1,1,0,1,1
zaatar,1,1,1,1,1,1,1,1,1,1,1,1,0,1,1
zucchini flowers,1,1,1,1,1,1,1,1,1,1,1,1,0,1,1
cream of chicken soup,0,0,0,1,1,1,0,1,0,1,1,1,1,1,0
grated cheese,1,0,1,0,0,0,0,1,1,0,0,0,1,0,1
salad oil,1,1,1,1,1,1,1,1,1,1,1,1,0,1,1
sausage,0,0,0,1,1,1,1,0,0,0,0,0,1,0,0
confectioners sugar,1,1,1,1,0,0,0,1,1,0,0,1,0,0,0
